--                           CREACIÓN DE LA BASE DE DATOS
CREATE Database Naatik;

-- ------------------------------------------------------------------------------------
--            Creación de la tabla "Usuario" con permisos de administrador            -
-- ------------------------------------------------------------------------------------

CREATE TABLE IF NOT EXISTS `Naatik_User` (
  `idUser` int(10) NOT NULL AUTO_INCREMENT,
  `email` varchar(20) DEFAULT NULL,
  `password` varchar(20) DEFAULT NULL,
  `adminprivs` tinyint(1) DEFAULT 0,
  PRIMARY KEY (`idUser`)
) ENGINE=InnoDB  DEFAULT CHARSET=latin1 AUTO_INCREMENT=1;

INSERT INTO `Naatik_User` VALUES
(1, 'test@gmail.com', 'test123', 1);


-- ------------------------------------------------------------------------------------
-- Creación de las tablas de la base de datos de TELECO usada como ejemplo de cliente -
-- ------------------------------------------------------------------------------------

-- Tabla "naatik_tipoContrato"
create table naatik_tipoContrato(
    contratoID int not null,
    contrato varchar(30),
    primary key(contratoID)
);

-- Tabla "naatik_tipoInternet"
create table naatik_tipoInternet(
    internetID int not null,
    primary key(internetID),
    internet varchar(30) not null
);

-- Tabla "naatik_tipoPago"
create table naatik_tipoPago(
    pagoID int not null,
    pago varchar(30) not null,
    primary key(pagoID)
);

-- Tabla "naatik_clientes"
create table naatik_clientes(
    idCliente varchar(30) not null,
    genero tinyint not null,
    esJubilado tinyint not null,
    tienePareja tinyint not null,
    tieneDependientes tinyint not null,
    mesesComoCliente int not null,
    tieneServTelefono tinyint not null,
    tieneMulLineas tinyint not null,
    internetID int not null,
    foreign key(internetID) references naatik_tipoInternet(internetID),
    seguridadEnLinea tinyint not null,
    backupEnLinea tinyint not null,
    proteccionDispositivo tinyint not null,
    soporteTecnico tinyint not null,
    streamingTV tinyint not null,
    streamingPeliculas tinyint not null,
    contratoID int not null,
    foreign key(contratoID) references naatik_tipoContrato(contratoID),
    facturaElectronica tinyint not null,
    pagoID int not null,
    foreign key(pagoID) references naatik_tipoPago(pagoID),
    cargoMensual decimal(8, 2) not null,
    cargosTotales decimal(8,2) not null,
    abandono decimal(5, 2) not null,
    primary key(idCliente)
);

create table intervenciones(
    abandonoMayor decimal(4,2) not null,
    abandonoMenor decimal(4,2) not null,
    mensaje varchar(250) not null
);


-- ------------------------------------------------------------------------------------
--                      Inserts a las tablas previamente generadas                    -
-- ------------------------------------------------------------------------------------

insert into naatik_tipoContrato values
    (1, "Mes a mes"),
    (2, "Un año"),
    (3, "Dos años");

insert into naatik_tipoPago values
    (1, "Tarjeta de crédito"),
    (2, "Transferencia bancaria"),
    (3, "Cheque electrónico"),
    (4, "Cheque por correo");
    
insert into naatik_tipoInternet values
(0, "No"),
(1, "DSL"),
(2, "Fibra óptica");


-- Insert obtenido del archivo churn_test.csv a través de csvToQueries.py
-- Contiene más de mil registros de usuarios
insert into naatik_clientes values
("8404-FYDIB",1,0,0,0,26,1,1,2,1,1,0,0,0,0,1,1,1,86.65,2208.75,5.27),
("2091-MJTFX",0,0,1,1,30,0,2,1,0,0,0,1,1,1,1,0,1,51.2,1561.5,81.96),
("9495-SKLKD",1,0,1,1,45,1,1,2,0,1,1,0,0,1,1,1,2,95.95,4456.65,12.38),
("7197-VOJMM",1,0,1,0,67,1,0,1,1,1,0,1,0,1,3,1,1,69.2,4671.65,18.96),
("2302-OUZXB",1,0,1,0,72,1,1,1,0,1,1,0,1,1,3,0,2,82.15,5784.3,15.88),
("7851-WZEKY",0,0,0,0,2,1,1,2,0,0,0,0,1,1,1,1,3,95.15,196.9,62.98),
("2642-MAWLJ",0,0,1,1,36,1,0,0,2,2,2,2,2,2,3,0,2,20.25,717.95,0.89),
("2519-ERQOJ",1,1,0,0,33,0,2,1,0,0,1,1,1,1,1,1,3,54.6,1803.7,13.48),
("6661-EIPZC",0,0,1,1,48,0,2,1,0,0,0,1,0,0,1,1,1,29.5,1423.05,79.44),
("1722-LDZJS",1,0,1,1,53,1,0,0,2,2,2,2,2,2,2,0,1,20.2,1068.15,49.8),
("4570-QHXHL",0,0,0,0,9,1,0,1,0,0,0,0,0,0,1,1,3,43.75,405.7,11.7),
("2955-PSXOE",0,0,0,0,1,1,0,0,2,2,2,2,2,2,1,1,2,20.2,20.2,85.31),
("1320-REHCS",1,1,0,0,52,1,1,2,0,1,1,1,1,1,1,1,3,110.75,5832,56.62),
("0526-SXDJP",1,0,1,0,72,0,2,1,1,1,1,0,0,0,3,0,2,42.1,2962,34.68),
("1641-RQDAY",0,1,1,1,32,1,1,2,0,1,0,0,1,1,1,1,3,100.4,3217.65,6.6),
("5032-USPKF",0,0,0,0,38,1,1,1,1,1,1,0,1,1,2,0,2,84.1,3187.65,30.84),
("1723-HKXJQ",1,0,0,0,42,1,1,2,0,1,0,0,1,1,1,1,3,101.75,4273.45,78.41),
("1779-PWPMG",0,1,1,0,72,1,1,2,1,1,1,1,1,1,3,1,2,114.65,8333.95,77.72),
("8042-RNLKO",1,0,0,0,66,1,1,0,2,2,2,2,2,2,2,0,2,25.45,1699.15,50.08),
("4816-OKWNX",1,0,1,1,50,1,0,2,0,1,1,1,1,1,2,1,2,103.4,5236.4,0.3),
("0436-TWFFZ",0,0,0,0,67,1,1,1,1,0,1,1,1,1,3,1,4,85.25,5714.2,75.23),
("1098-KFQEC",0,0,1,1,55,1,0,0,2,2,2,2,2,2,3,0,1,19.4,1083,76.79),
("6661-HBGWL",0,1,0,0,42,1,1,2,0,1,1,0,1,1,1,1,2,104.75,4323.45,76.14),
("5016-LIPDW",1,0,1,1,57,1,0,0,2,2,2,2,2,2,2,0,4,19.4,1061.6,91.53),
("8150-QUDFX",1,0,0,0,2,1,0,0,2,2,2,2,2,2,1,0,4,19.85,51.6,22.05),
("8750-QWZAJ",0,0,1,1,70,1,0,0,2,2,2,2,2,2,3,0,2,19.8,1378.75,79.67),
("4664-NJCMS",0,0,1,0,33,0,2,1,1,0,1,1,1,1,3,0,2,59.55,2016.3,30.38),
("8751-EDEKA",0,0,1,0,28,1,0,2,0,1,1,0,0,1,1,0,1,89.9,2433.5,38.2),
("2587-EKXTS",1,0,0,0,44,1,1,2,1,1,1,0,1,1,1,1,3,111.5,4915.15,60.29),
("4786-UKSNZ",1,0,0,0,1,1,0,0,2,2,2,2,2,2,1,0,4,20.2,20.2,97.32),
("5519-NPHVG",0,0,0,0,12,1,1,2,0,0,0,0,1,1,1,1,3,94.2,1046.1,52.59),
("7240-FQLHE",0,1,1,0,18,1,1,2,0,0,0,1,1,1,1,0,2,99.75,1836.25,94.83),
("3061-BCKYI",1,0,0,0,14,1,0,0,2,2,2,2,2,2,1,0,4,19.9,283.75,51.71),
("3324-OIRTO",1,0,1,1,71,1,0,2,1,1,1,0,1,1,2,1,2,104.65,7288.4,44.23),
("6614-VBEGU",0,0,1,0,24,1,0,1,0,1,0,0,1,1,1,1,2,69.45,1614.05,66.99),
("3016-KSVCP",1,0,1,0,29,0,2,1,0,0,0,0,1,0,1,0,4,33.75,1009.25,70.77),
("6646-VRFOL",1,1,1,0,53,1,1,2,0,1,1,0,1,1,1,1,3,103.85,5485.5,23.96),
("1248-DYXUB",1,0,1,1,52,1,1,0,2,2,2,2,2,2,3,0,4,24.8,1229.1,5.27),
("6734-GMPVK",1,0,0,0,5,1,1,2,0,1,1,0,1,1,1,0,3,105.3,550.6,84.97),
("8212-DJRCH",1,0,1,1,5,1,0,2,1,0,1,0,0,1,1,1,4,90.35,434.5,90.1),
("9845-QOMAD",1,0,1,1,14,1,0,0,2,2,2,2,2,2,2,0,4,19.75,309.35,25.6),
("3999-WRNGR",0,0,1,1,60,0,2,1,0,1,0,0,1,1,1,1,3,49.75,3069.45,43.32),
("7979-CORPM",1,0,0,0,24,1,1,2,0,1,0,0,1,0,1,1,1,90.55,2282.55,95.19),
("9025-ZRPVR",1,0,0,0,9,1,0,0,2,2,2,2,2,2,1,1,4,18.95,185.6,97.34),
("0031-PVLZI",0,0,1,1,4,1,0,0,2,2,2,2,2,2,1,0,4,20.35,76.35,13.46),
("8976-OQHGT",0,0,1,1,4,1,0,1,0,1,0,1,0,0,1,0,4,56.5,235.1,33.43),
("0820-FNRNX",1,0,1,1,17,1,1,1,0,1,1,1,0,0,1,1,4,66.7,1077.05,78.54),
("1139-WUOAH",1,0,0,0,57,0,2,1,0,0,1,1,1,1,3,0,1,53.35,3090.05,4.52),
("3620-EHIMZ",0,0,1,1,52,1,0,0,2,2,2,2,2,2,3,0,4,19.35,1031.7,97.47),
("2519-LBNQL",1,1,1,0,60,1,1,2,0,1,1,0,1,1,2,1,3,104.35,6339.45,94.79),
("7079-QRCBC",0,0,0,0,24,1,1,2,0,0,1,0,1,1,1,1,3,98.75,2407.3,64.39),
("5325-UWTWJ",1,0,1,0,31,1,1,2,1,1,0,1,0,0,1,1,1,90.55,2929.75,51.68),
("4349-GFQHK",1,0,0,0,1,1,1,1,0,0,1,0,0,0,1,0,3,54.35,54.35,21.77),
("9253-QXKBE",1,1,1,0,29,1,1,2,0,0,0,0,1,1,1,1,3,94.45,2653.65,12.87),
("3450-WXOAT",1,0,0,0,46,1,0,1,0,0,0,0,0,0,1,1,1,45.2,2065.15,45.74),
("3138-BKYAV",1,0,0,0,6,1,0,2,0,1,0,0,1,0,1,1,3,85.35,489.45,31.44),
("8547-NSBBO",1,0,0,0,35,1,1,2,1,1,1,1,0,0,1,1,4,96.75,3403.4,56.59),
("5827-MWCZK",1,0,1,1,56,1,1,2,0,1,0,1,1,0,1,1,1,96.95,5432.2,42.79),
("2746-DIJLO",0,0,0,0,41,1,1,1,0,1,0,0,0,0,2,1,1,56.3,2364,25.2),
("4373-VVHQL",1,0,0,0,1,1,0,1,0,0,0,0,0,0,1,1,3,44.75,44.75,51.54),
("0135-NMXAP",0,0,0,0,12,1,1,2,0,1,0,0,1,0,1,1,2,89.75,1052.4,44.21),
("1389-CXMLU",1,1,0,0,3,1,1,2,0,0,1,0,1,0,1,0,3,91.05,289.1,65.47),
("3538-WZPHD",1,0,0,0,3,0,2,1,0,1,0,0,0,0,1,1,3,29.6,79.45,15.16),
("5747-PMBSQ",1,1,1,0,10,1,0,2,0,1,1,1,1,0,1,1,4,92.5,934.1,63.43),
("0927-LCSMG",1,0,0,0,7,1,0,2,0,0,1,0,0,0,1,0,4,74.65,544.55,47.28),
("4501-UYKBC",0,1,0,0,46,1,1,1,0,0,1,1,0,1,2,1,1,69.1,3255.35,62.04),
("2876-GZYZC",0,0,0,0,13,1,1,2,0,0,0,0,0,1,1,1,3,85.95,1215.65,63.19),
("2954-PIBKO",0,0,1,1,69,1,1,1,1,0,1,1,0,0,3,1,1,64.15,4254.1,29.16),
("2363-BJLSL",1,0,0,0,62,1,0,1,0,1,1,1,1,1,1,1,2,80.4,4981.15,1.73),
("8591-TKMZH",1,0,1,1,59,1,1,2,1,1,0,1,1,1,3,1,4,111.1,6555.2,54.49),
("4065-JJAVA",0,0,0,0,1,1,0,1,0,1,0,0,0,0,1,0,3,49.5,49.5,14.4),
("8999-EXMNO",0,0,1,1,19,1,0,0,2,2,2,2,2,2,3,0,4,20.15,387.7,49.79),
("2391-IPLOP",1,0,1,1,50,1,1,1,0,0,1,1,1,0,2,1,3,69.65,3442.15,25.02),
("2091-RFFBA",0,1,0,0,31,1,1,2,0,0,0,0,0,0,1,1,3,73.9,2217.15,38.68),
("3990-QYKBE",1,1,1,0,37,1,1,2,0,0,0,0,1,1,1,1,3,92.5,3473.4,47.9),
("8250-ZNGGW",0,1,0,0,5,1,0,1,1,1,0,1,0,0,1,0,1,59.9,287.85,73.46),
("8204-YJCLA",1,1,1,1,72,0,2,1,1,1,1,1,1,1,3,1,2,64.8,4732.35,5.19),
("7632-MNYOY",1,1,0,0,66,1,1,2,0,1,1,1,1,1,2,0,1,110.9,7432.05,71.33),
("8630-FJLIB",0,0,0,0,18,1,0,2,0,0,0,0,0,0,1,1,3,69.8,1221.65,67.59),
("4441-NIHPT",0,1,0,0,13,1,0,2,0,0,1,0,0,0,1,1,3,74.3,940.35,8.21),
("0733-VUNUW",1,0,0,0,24,1,1,1,1,0,0,0,0,0,1,1,2,55.65,1400.55,30.65),
("2075-PUEPR",1,0,1,1,55,1,0,0,2,2,2,2,2,2,3,0,2,19.35,1153.25,8.72),
("4544-RXFMG",1,0,1,1,8,1,0,1,0,0,0,0,0,0,2,1,4,43.45,345.5,86.26),
("8644-XYTSV",1,0,1,0,42,0,2,1,1,0,0,0,1,0,1,1,2,40.15,1626.05,95.92),
("7234-FECYN",0,1,0,0,8,1,1,2,0,0,1,0,1,1,1,0,3,101.35,780.5,49.72),
("1697-NVVGY",1,1,1,0,19,1,0,1,1,0,1,0,1,0,1,0,2,66.4,1286.05,36.66),
("2245-ADZFJ",0,0,1,1,31,1,1,1,0,1,0,1,1,1,3,0,2,80.55,2471.6,65.05),
("1098-TDVUQ",0,0,0,0,1,1,0,0,2,2,2,2,2,2,1,1,2,19.25,19.25,62.34),
("4598-XLKNJ",0,1,1,0,25,1,0,2,0,1,1,0,1,1,1,1,3,98.5,2514.5,69.78),
("8541-QVFKM",0,0,0,0,8,1,1,2,0,0,0,0,0,0,1,1,3,73.5,632.2,50.51),
("6429-SHBCB",1,0,0,0,19,1,1,1,0,0,0,0,1,1,1,0,4,69.6,1394.55,0.52),
("0929-PECLO",0,1,0,0,63,1,1,2,0,0,1,0,0,1,1,1,2,89.6,5538.8,93.16),
("6907-FLBER",1,0,0,0,1,1,1,1,0,1,0,0,0,0,1,0,3,54.3,54.3,99.76),
("8627-EHGIP",1,0,0,0,44,0,2,1,0,1,1,0,1,1,2,1,4,53.95,2375.4,68.07),
("4797-AXPXK",0,0,0,1,1,1,0,1,1,1,0,1,0,0,1,1,3,60,60,96.52),
("9142-XMYJH",0,0,0,0,29,1,0,0,2,2,2,2,2,2,1,0,1,19.35,601.6,76.79),
("3519-ZKXGG",0,0,1,0,3,1,1,2,0,0,0,0,0,0,1,1,3,75.85,256.6,71.96),
("6253-WRFHY",1,0,1,1,13,1,0,1,0,0,0,0,1,1,2,1,3,64.75,877.35,11.68),
("8070-AAWZP",1,1,1,0,24,0,2,1,0,0,1,1,0,0,1,0,4,34.25,828.2,26.17),
("1658-XUHBX",0,1,1,1,59,1,1,2,0,0,1,0,0,1,1,1,1,88.75,5348.65,55.02),
("6549-YMFAW",1,1,1,0,9,1,0,0,2,2,2,2,2,2,1,1,4,21.25,204.55,83.35),
("1552-CZCLL",0,0,1,1,55,1,0,0,2,2,2,2,2,2,1,0,1,20,1087.25,72.74),
("0178-CIIKR",0,0,0,0,3,1,0,0,2,2,2,2,2,2,1,0,4,19.95,58,75.56),
("5730-RIITO",0,1,0,0,43,0,2,1,1,1,0,0,0,0,1,1,1,33.45,1500.25,53.99),
("0530-IJVDB",1,0,0,1,70,1,1,2,1,1,1,1,1,1,3,1,3,114.6,7882.5,18.95),
("7860-UXCRM",1,0,1,1,63,1,0,1,1,1,1,1,1,0,3,0,1,74.5,4674.55,82.2),
("8861-HGGKB",0,0,0,0,10,1,1,2,0,0,0,0,0,1,1,0,3,86.45,830.85,11.82),
("0786-VSSUD",1,1,0,0,16,0,2,1,0,1,0,0,1,0,1,1,4,39,679.85,94.96),
("8980-WQFWL",0,0,0,0,35,1,0,1,0,0,1,0,0,1,1,1,3,62.1,2096.1,59.13),
("9402-CXWPL",0,0,0,0,70,1,1,2,0,1,0,0,1,1,2,0,3,98.9,6838.6,49.95),
("0781-LKXBR",1,1,0,0,9,1,1,2,0,0,1,0,1,1,1,1,3,100.5,918.6,85.65),
("4950-HKQTE",0,0,0,0,22,1,1,0,2,2,2,2,2,2,3,0,4,26.25,605.9,59.77),
("3794-NFNCH",1,0,1,0,30,1,0,1,0,0,1,0,0,0,1,1,4,50,1474.9,4.64),
("4558-CGYCZ",1,0,0,0,4,1,0,0,2,2,2,2,2,2,1,0,4,19.75,78.3,11.7),
("5393-RXQSZ",1,0,0,0,1,1,0,2,0,0,0,0,0,1,1,0,3,79.6,79.6,90.86),
("5795-BKOYE",0,0,1,1,69,1,0,1,0,1,1,1,0,0,2,0,2,59.1,4134.7,91.73),
("5515-AKOAJ",0,0,0,0,54,1,1,2,0,0,0,1,1,1,1,1,3,100.1,5440.9,65.25),
("3092-IGHWF",1,0,1,1,67,1,1,2,0,1,1,0,0,0,2,0,3,87.4,5918.8,11.13),
("4616-ULAOA",0,0,1,1,65,1,1,2,0,1,1,1,1,1,3,1,1,110.8,7245.9,69.95),
("0611-DFXKO",1,0,1,0,20,1,0,2,0,0,0,0,1,1,1,1,4,89,1820.45,22.79),
("3891-NLXJB",1,0,0,0,37,0,2,1,1,1,0,1,0,0,3,1,4,40.55,1390.85,10.63),
("6988-CJEYV",1,0,0,0,49,1,1,2,0,1,0,0,1,1,1,0,3,98.7,4920.55,17.39),
("9239-ZBZZV",0,0,0,0,6,0,2,1,0,0,1,0,1,1,1,1,3,47.95,305.1,37.01),
("2812-ENYMO",1,0,0,0,26,0,2,1,1,0,0,1,1,1,2,0,1,54.55,1362.85,62.86),
("7552-KEYGT",1,0,1,0,27,1,0,0,2,2,2,2,2,2,3,0,2,19.55,520.55,20.35),
("9046-JBFWA",1,0,0,1,27,1,0,0,2,2,2,2,2,2,1,0,4,19.15,537.35,7.08),
("0378-CJKPV",0,0,1,0,72,1,1,2,1,1,1,1,1,1,3,0,1,112.1,7965.95,93.64),
("1455-ESIQH",1,0,0,0,1,1,0,2,0,0,0,0,1,1,1,1,3,89.1,89.1,92.41),
("3621-CHYVB",0,0,1,0,57,0,2,1,1,0,1,1,0,1,1,1,2,49.9,2782.4,74.98),
("0148-DCDOS",1,0,0,0,25,1,1,2,0,0,0,0,1,1,1,1,2,94.7,2362.1,7.04),
("8974-OVACP",0,0,0,0,1,1,0,0,2,2,2,2,2,2,1,0,4,20.15,20.15,62.02),
("5322-ZSMZY",1,0,1,1,31,1,1,0,2,2,2,2,2,2,3,0,4,25.75,755.6,6.92),
("9715-SBVSU",1,0,1,1,14,1,0,1,1,1,0,0,0,1,3,1,2,61.4,815.55,21.97),
("0356-OBMAC",0,1,0,0,56,1,1,2,0,1,1,1,1,0,3,1,2,99.9,5706.3,1.2),
("3144-AUDBS",0,0,1,0,6,1,0,1,0,0,0,1,0,0,1,1,3,49.15,270.8,89.74),
("4872-VXRIL",1,0,0,0,56,1,1,1,1,1,0,1,0,0,2,1,2,64.65,3665.55,27.81),
("4350-ZTLPI",0,0,1,0,53,1,1,2,0,1,1,1,1,1,2,1,2,108.95,5718.2,79.67),
("5649-RXQTV",1,0,0,0,51,1,0,2,0,1,1,0,1,1,1,1,3,99,5038.15,57.52),
("3720-DBRWL",1,0,1,0,51,1,0,1,1,1,1,1,1,1,3,1,1,83.85,4307.1,94.76),
("1338-CECEE",1,0,1,1,41,1,1,1,0,1,1,0,1,0,2,0,2,68.5,2839.95,35.36),
("1635-NZATJ",1,1,1,0,71,1,1,0,2,2,2,2,2,2,3,0,1,25.45,1789.65,39.0),
("6543-XRMYR",0,1,0,0,30,1,1,2,0,1,0,0,1,1,1,1,3,99.7,2967.35,12.51),
("2013-SGDXK",0,0,0,0,1,1,0,2,0,1,0,0,1,0,1,0,3,84.3,84.3,93.49),
("5916-QEWPT",0,0,1,0,2,1,0,1,0,0,1,0,1,1,1,0,1,69,147.8,67.23),
("3389-KTRXV",0,0,1,1,23,1,1,0,2,2,2,2,2,2,3,0,4,23.85,625.65,16.99),
("8709-KRDVL",0,0,0,0,33,1,1,2,0,1,0,0,1,1,1,1,3,100,3320.6,8.1),
("6341-JVQGF",0,0,1,1,31,1,0,1,1,0,1,1,1,1,2,1,4,81.15,2545.75,23.38),
("9278-VZKCD",0,1,1,0,52,1,1,2,1,1,1,0,1,1,1,1,3,109.1,5647.95,67.37),
("6890-PFRQX",1,0,0,0,18,1,1,1,1,0,1,0,1,0,1,0,4,69.5,1199.4,8.52),
("2860-RANUS",0,1,0,0,20,1,1,2,0,0,0,0,0,1,1,1,1,85.8,1727.5,36.56),
("5392-AKEMH",0,0,0,0,12,1,0,1,0,0,0,0,0,0,1,1,3,45.05,523.1,63.59),
("8280-MQRQN",0,0,0,0,1,1,0,1,0,0,1,0,0,0,1,1,4,50.45,50.45,49.53),
("2495-KZNFB",0,0,0,0,33,1,1,2,1,0,0,0,0,1,1,1,3,90.65,2989.6,64.5),
("7340-KEFQE",0,0,1,1,51,0,2,1,1,0,0,1,0,0,3,0,2,34.2,1782,57.29),
("6015-VVHHE",0,1,0,0,5,1,1,2,0,0,0,0,1,0,1,1,1,83.15,446.05,1.21),
("3807-BPOMJ",0,0,1,0,55,1,0,2,1,0,0,0,1,1,2,1,3,94.75,5276.1,4.23),
("3644-QXEHN",1,0,1,1,13,1,0,2,0,0,1,0,1,1,1,0,3,97,1334.45,94.24),
("3219-JQRSL",0,1,1,0,72,1,1,1,1,1,1,1,1,1,3,0,1,89.1,6352.4,16.55),
("1207-BLKSA",0,0,1,1,52,1,1,0,2,2,2,2,2,2,3,0,4,23.05,1255.1,33.38),
("9348-ROUAI",0,0,1,1,59,1,1,1,1,1,1,1,1,1,3,0,1,90.3,5194.05,99.28),
("2984-MIIZL",1,0,0,0,4,1,0,2,0,0,1,0,0,0,1,1,2,74.8,321.9,83.36),
("0071-NDAFP",1,0,1,1,25,1,1,0,2,2,2,2,2,2,3,0,1,25.5,630.6,85.37),
("5318-YKDPV",1,0,1,1,43,1,0,1,1,0,1,1,1,1,3,1,1,79.15,3566.6,52.26),
("9919-YLNNG",0,0,0,0,42,1,0,2,0,1,1,1,1,1,1,1,2,103.8,4327.5,83.12),
("7765-LWVVH",0,0,1,1,72,1,1,2,1,1,0,0,1,0,3,1,3,95.1,6843.15,70.83),
("4187-CINZD",0,1,0,0,46,1,0,2,0,1,0,0,1,1,2,0,1,95.25,4424.2,53.52),
("7460-ITWWP",0,1,1,0,45,1,0,2,0,0,1,0,0,1,1,1,3,86.1,3861.45,56.44),
("5129-JLPIS",1,0,0,0,25,1,0,2,1,0,1,1,1,1,1,1,3,105.5,2686.05,99.5),
("9355-NPPFS",0,1,0,0,26,1,0,2,0,0,0,0,0,1,1,1,3,78.8,2006.1,21.93),
("3417-TSCIC",1,0,0,0,29,0,2,1,0,0,0,0,0,0,2,1,4,24.85,788.05,85.1),
("4745-LSPLO",1,0,0,0,1,1,0,0,2,2,2,2,2,2,1,0,4,20.5,20.5,92.68),
("9481-WHGWY",0,0,1,1,70,1,0,1,1,0,0,1,1,1,3,0,1,75.35,5437.75,83.3),
("7926-IJOOU",1,0,0,0,1,1,0,0,2,2,2,2,2,2,1,0,1,19.3,19.3,77.75),
("5287-QWLKY",1,1,1,1,71,1,1,2,1,1,0,0,1,1,1,1,1,105.1,7548.1,18.68),
("8109-YUOHE",1,0,0,0,17,1,0,1,1,1,0,0,0,0,2,0,4,56.1,946.95,77.97),
("0757-WCUUZ",1,0,1,1,54,1,1,1,0,0,1,0,0,1,3,0,1,63.35,3409.1,15.4),
("2522-WLNSF",0,1,1,0,34,1,0,1,0,0,1,1,1,0,2,0,2,64.2,2106.3,21.11),
("2890-WFBHU",0,0,0,0,59,1,1,1,1,1,1,1,0,1,2,0,1,79.85,4786.1,31.1),
("4611-ANLQC",0,0,1,0,60,0,2,1,1,1,1,0,0,1,2,0,3,50.05,2911.5,19.97),
("8563-IIOXK",1,0,1,1,7,1,0,1,1,0,0,0,0,0,2,1,3,49.75,331.3,15.8),
("5168-MQQCA",0,0,1,0,72,1,1,2,0,1,1,1,1,1,2,1,2,108.5,8003.8,61.56),
("8496-EJAUI",1,0,0,0,19,1,0,2,0,1,0,0,0,0,1,1,1,73.85,1424.5,62.76),
("9819-FBNSV",1,1,1,0,37,1,0,2,0,0,0,0,0,0,1,1,2,72.25,2575.45,18.48),
("9818-XQCUV",0,0,0,0,2,1,0,0,2,2,2,2,2,2,1,0,4,20.35,45.3,53.21),
("4701-MLJPN",1,0,0,0,31,1,0,1,0,0,1,1,0,0,1,1,3,55.25,1715.65,53.93),
("2408-WITXK",0,1,0,0,10,0,2,1,0,0,0,0,0,1,1,1,3,34.7,329.8,78.74),
("4913-EHYUI",1,1,1,1,56,1,1,2,1,0,1,0,1,1,2,1,2,104.55,5794.65,56.71),
("6682-VCIXC",0,0,1,1,43,0,2,1,1,1,0,1,1,0,2,1,2,51.25,2151.6,84.39),
("3470-OBUET",0,0,1,1,67,1,1,1,1,1,0,1,1,0,3,0,1,74,4868.4,42.38),
("8049-WJCLQ",1,0,1,1,10,1,0,1,0,0,1,0,1,0,1,0,4,60.2,563.5,43.65),
("5624-RYAMH",0,0,0,0,9,1,0,0,2,2,2,2,2,2,1,1,3,19.5,178.85,53.01),
("6005-OBZPH",0,1,0,0,26,1,1,2,0,1,0,0,1,0,1,1,3,89.15,2277.65,74.9),
("6286-ZHAOK",0,0,1,1,20,1,1,0,2,2,2,2,2,2,1,1,2,25.55,507.4,26.27),
("3950-VPYJB",1,0,1,1,57,1,0,1,1,1,0,1,0,0,2,0,4,59.6,3509.4,24.35),
("8821-KVZKQ",0,0,1,1,70,0,2,1,0,1,1,1,1,1,2,1,2,58.4,4113.15,55.96),
("7611-YKYTC",1,0,1,1,22,1,0,2,1,0,0,0,0,0,1,0,2,75,1573.95,94.56),
("6108-OQZDQ",0,0,1,1,4,1,1,2,0,1,0,0,1,1,1,1,3,97.95,384.5,14.35),
("6313-GIDIT",1,1,0,0,53,0,2,1,0,1,1,0,1,1,1,1,3,54.45,2854.55,36.05),
("2673-CXQEU",0,1,0,0,56,1,1,2,1,1,1,0,1,1,2,0,3,110.5,6139.5,13.66),
("6169-PGNCD",0,0,0,0,57,1,0,1,1,1,1,1,1,0,3,1,1,74.3,4166.35,45.68),
("7901-HXJVA",1,0,0,0,14,1,0,2,0,0,1,0,0,0,1,0,3,76.45,1117.55,25.28),
("8687-BAFGU",1,0,0,0,1,1,0,2,0,0,0,1,0,0,1,0,3,74,74,55.51),
("2668-TZSPS",1,0,0,0,1,1,0,0,2,2,2,2,2,2,1,0,4,20.45,20.45,31.13),
("9803-FTJCG",1,0,1,1,71,1,1,1,1,1,0,1,0,0,2,1,1,66.85,4748.7,94.25),
("1023-BQXZE",1,0,0,0,57,1,0,1,1,0,1,0,1,1,3,1,2,74.35,4317.35,26.05),
("4667-QONEA",0,1,1,1,60,1,0,1,1,1,1,1,0,1,2,1,1,74.85,4456.35,48.54),
("6075-SLNIL",1,0,0,0,38,1,1,2,0,1,1,0,0,1,1,1,1,95.1,3691.2,95.43),
("4079-WWQQQ",1,0,0,0,72,0,2,1,1,1,1,1,1,1,3,1,2,65.55,4807.45,33.76),
("0537-QYZZN",1,1,1,1,24,1,1,2,1,0,0,0,0,0,1,1,3,79.85,1857.75,44.59),
("3325-FUYCG",1,0,1,1,28,1,1,2,1,1,0,0,1,1,2,0,3,106.1,2847.4,60.72),
("8208-EUMTE",1,0,0,0,16,0,2,1,1,1,1,1,1,0,3,0,4,54.85,916.15,73.26),
("7205-BAIAD",0,0,0,0,40,1,0,0,2,2,2,2,2,2,3,1,2,20.6,827.3,41.4),
("5297-MDOIR",0,0,1,0,63,1,0,2,1,0,1,0,0,0,2,1,1,81.15,5224.5,46.73),
("4193-ORFCL",0,1,0,0,1,1,0,1,0,0,0,0,0,0,1,0,4,45.1,45.1,4.37),
("3126-WQMGH",0,0,1,0,49,1,1,1,0,0,0,0,0,0,1,1,1,52.15,2583.75,33.72),
("7056-IMHCC",1,1,1,0,53,1,1,2,0,1,0,0,1,1,1,1,3,101.9,5549.4,15.19),
("3130-ICDUP",0,0,0,1,2,1,1,2,1,0,0,0,0,0,1,0,1,80.55,188.1,15.1),
("9762-YAQAA",1,0,0,0,39,1,1,2,0,1,0,0,0,0,2,0,1,81.4,3213.75,50.48),
("2959-FENLU",0,0,0,0,9,1,0,2,0,0,1,0,0,1,1,1,1,85.3,781.4,37.52),
("0394-YONDK",1,0,1,1,70,1,1,0,2,2,2,2,2,2,3,0,1,25.15,1790.15,90.62),
("5498-TXHLF",0,0,1,1,34,1,1,2,0,0,1,0,1,0,1,0,3,87.45,2874.15,7.84),
("4450-DLLMH",1,0,0,0,2,1,0,2,0,0,0,0,0,0,1,1,1,71.3,157.75,63.32),
("4183-MYFRB",0,0,0,0,21,1,0,2,0,1,1,0,0,1,1,1,3,90.05,1862.9,57.47),
("6311-UEUME",0,0,0,0,29,1,0,2,0,0,0,0,1,0,1,1,3,78.9,2384.15,8.72),
("7298-IZWLY",0,0,0,0,1,1,0,0,2,2,2,2,2,2,1,1,4,19.4,19.4,2.92),
("7108-DGVUU",0,1,1,0,21,1,1,1,0,1,1,0,0,1,2,0,2,71.7,1497.05,30.49),
("2819-GWENI",0,0,1,1,28,1,0,0,2,2,2,2,2,2,2,0,4,19.9,543,46.16),
("8292-TYSPY",1,0,0,0,19,1,0,1,0,0,1,1,0,0,1,1,1,55,1046.5,25.14),
("1370-GGAWX",0,0,0,0,46,1,1,2,0,1,1,0,0,1,2,1,3,94.15,4408.45,5.27),
("0701-TJSEF",1,0,0,0,9,1,0,1,1,0,1,1,0,1,1,1,2,68.25,576.95,63.88),
("6870-ZWMNX",1,0,1,0,70,1,1,1,0,1,1,1,1,0,3,0,1,76.1,5264.25,47.24),
("3066-RRJIO",0,0,0,0,1,1,0,2,0,0,0,0,0,0,1,1,4,69.95,69.95,62.64),
("0265-EDXBD",1,1,1,0,32,1,1,2,0,0,0,0,0,0,1,1,3,74.9,2303.35,67.9),
("3845-FXCYS",1,0,0,0,2,1,0,0,2,2,2,2,2,2,1,1,3,19.65,31.2,70.59),
("1241-FPMOF",1,0,0,0,52,1,0,0,2,2,2,2,2,2,3,0,4,19.65,1025.05,29.2),
("8128-YVJRG",0,0,0,0,7,1,1,2,1,0,0,0,0,0,1,1,4,79.65,604.7,90.75),
("6407-UTSLV",0,1,0,0,2,1,0,2,0,1,0,0,1,0,1,1,2,83.8,163.7,72.26),
("4503-BDXBD",1,0,0,0,11,1,0,2,0,1,0,0,0,0,1,0,3,74.95,815.5,38.61),
("0320-JDNQG",1,0,1,1,23,1,0,2,1,0,0,1,1,1,1,1,3,99.85,2331.3,43.09),
("3765-JXVKY",0,0,0,0,1,1,0,2,0,1,0,0,0,0,1,1,3,74.7,74.7,86.44),
("1670-SVOWZ",0,0,1,1,14,1,0,2,0,1,0,1,0,1,1,1,1,89.65,1208.35,28.03),
("0480-BIXDE",0,0,1,0,19,1,0,2,0,0,1,0,1,1,1,1,3,96.8,1743.05,94.16),
("6980-CDGFC",0,0,1,0,67,1,0,0,2,2,2,2,2,2,2,1,2,20.85,1327.4,61.21),
("6110-OHIHY",1,0,0,0,3,1,0,2,0,0,0,0,1,0,1,0,3,79.25,267.6,26.46),
("3224-DFQNQ",0,0,1,0,66,1,1,2,1,1,0,1,0,0,2,0,3,89,5898.6,73.33),
("5424-RLQLC",1,0,0,0,10,1,0,1,0,1,0,0,1,0,1,1,4,59.65,638.95,12.16),
("9689-PTNPG",1,0,0,0,2,1,0,2,0,0,0,0,1,0,1,1,3,80.25,144.55,1.9),
("8272-ONJLV",1,0,0,0,12,1,0,2,0,0,1,0,1,1,2,0,3,95.7,1184,8.62),
("2650-GYRYL",1,0,1,1,33,1,0,0,2,2,2,2,2,2,2,1,2,19.45,600.25,84.8),
("3585-YNADK",0,0,1,0,57,1,1,1,0,1,1,1,1,0,2,0,2,74.6,4368.95,98.36),
("4451-RWASJ",1,0,1,1,15,1,0,0,2,2,2,2,2,2,2,1,4,19.5,239.75,27.24),
("9625-QNLUX",1,0,1,1,68,1,0,2,1,1,1,0,1,1,3,1,1,103.25,7074.4,87.29),
("0916-QOFDP",0,1,1,1,14,1,1,2,0,0,0,0,1,1,1,1,3,95.8,1346.3,5.35),
("3258-SANFR",1,1,0,0,6,1,0,1,0,0,0,0,0,0,1,0,1,44.7,276.5,31.22),
("0795-XCCTE",1,1,0,0,72,1,1,0,2,2,2,2,2,2,3,0,2,25.4,1809.35,85.19),
("5365-LLFYV",0,0,0,0,2,1,0,1,0,0,0,0,0,0,1,1,4,45.85,105.6,46.13),
("4000-VGMQP",1,0,1,1,38,1,1,1,0,1,1,0,1,1,2,0,1,78.95,2862.55,53.19),
("6161-ERDGD",1,0,1,1,71,1,1,1,1,0,1,1,1,1,2,0,3,85.45,6300.85,27.98),
("2612-PHGOX",1,0,1,0,64,1,1,1,0,1,1,1,1,0,3,1,2,76.1,4818.8,44.37),
("6551-ZCOTS",1,1,0,0,33,1,1,0,2,2,2,2,2,2,2,1,2,24.9,847.8,41.62),
("6741-EGCBI",1,1,0,0,30,1,1,2,1,0,0,0,0,1,1,1,1,90.5,2595.85,86.72),
("2223-GDSHL",1,0,1,1,71,1,1,2,1,1,1,1,1,1,3,1,2,116.05,8297.5,74.64),
("8617-ENBDS",1,0,0,0,3,1,0,2,0,0,1,0,0,0,1,1,1,73.6,232.5,59.9),
("9286-BHDQG",1,0,1,1,72,0,2,1,1,1,1,1,0,0,3,0,1,45.25,3139.8,51.39),
("6996-KNSML",0,0,0,0,1,1,0,2,0,0,1,0,0,0,1,1,3,74.9,74.9,24.67),
("3254-YRILK",1,1,0,0,19,1,1,2,0,1,0,0,1,0,1,1,3,88.2,1775.8,88.34),
("4191-XOVOM",1,0,0,0,63,1,1,2,0,1,0,1,1,1,1,0,3,105.4,6713.2,38.58),
("2475-MROZF",1,0,0,0,30,1,1,2,1,1,1,1,0,0,1,1,1,95,2852.4,30.73),
("5553-AOINX",0,1,1,1,66,1,1,2,0,1,1,0,1,1,2,1,3,104.9,6891.45,45.85),
("9711-FJTBX",1,0,1,1,56,1,0,2,0,1,1,1,0,0,2,1,4,85.85,4793.8,96.42),
("2235-ZGKPT",0,0,1,1,4,1,1,1,0,0,0,0,0,0,1,0,4,50.85,239.55,33.11),
("7912-SYRQT",0,0,0,0,7,1,1,2,0,0,0,0,0,0,1,1,2,75.1,552.95,43.0),
("0307-BCOPK",0,0,0,0,16,1,0,0,2,2,2,2,2,2,2,0,4,19.05,326.65,70.81),
("0550-DCXLH",1,0,0,0,13,1,0,1,0,1,0,1,1,1,1,0,4,73.35,931.55,0.4),
("7625-XCQRH",0,0,0,0,11,1,1,2,0,0,0,0,0,0,1,1,3,76.5,837.95,27.13),
("1177-XZBJL",1,0,1,1,53,1,1,1,1,1,0,1,0,0,2,0,2,64.15,3491.55,27.58),
("0506-LVNGN",0,1,0,0,5,1,0,2,0,0,1,0,0,0,1,1,1,75.55,349.65,44.03),
("4695-WJZUE",0,1,0,0,2,1,1,2,0,0,1,0,0,1,1,1,3,88.55,179.25,98.09),
("1794-HBQTJ",0,0,0,0,1,1,0,1,1,0,0,0,0,0,1,1,1,48.6,48.6,52.57),
("4741-WWJQZ",0,0,1,0,2,1,0,2,1,0,0,1,0,0,1,1,3,80.15,194.55,93.14),
("8894-JVDCV",0,0,0,0,62,1,1,2,1,1,1,1,1,1,2,1,1,115.05,7133.45,95.98),
("0356-ERHVT",1,0,1,0,11,1,0,1,0,0,0,0,0,0,1,1,2,45.9,521.9,42.62),
("8065-QBYTO",0,1,0,0,71,1,1,2,1,1,0,1,1,0,2,1,1,99.65,7181.25,67.58),
("9430-FRQOC",0,0,0,1,4,1,1,2,0,0,1,1,0,0,1,1,4,87.1,341.45,27.85),
("0320-DWVTU",0,0,0,0,53,1,0,2,1,1,1,1,0,1,3,0,4,99.5,5424.25,54.98),
("7291-CDTMJ",1,0,0,0,1,1,0,0,2,2,2,2,2,2,1,1,2,19.65,19.65,8.18),
("4189-NAKJS",1,0,0,0,26,1,1,1,0,0,0,0,0,0,2,1,1,51.55,1295.4,70.16),
("6408-OTUBZ",0,0,0,0,66,1,1,2,1,1,1,1,1,0,2,1,2,104.55,6779.05,7.35),
("7277-OZCGZ",0,0,0,0,22,1,0,2,1,0,0,1,0,1,1,1,3,89.05,1886.25,29.27),
("8914-RBTSB",1,0,1,0,31,1,1,2,0,1,1,0,1,0,1,0,3,93.8,3019.5,17.29),
("2226-ICFDO",0,0,1,1,72,1,1,1,1,0,1,1,1,1,3,1,1,85.9,6110.75,0.22),
("4779-ZGICK",1,0,1,1,48,1,1,0,2,2,2,2,2,2,3,0,4,23.55,1173.35,12.5),
("7054-LGEQW",0,0,0,0,1,1,0,1,0,0,0,0,0,0,1,0,4,45.95,45.95,91.31),
("6000-APYLU",1,0,0,0,9,1,0,2,0,0,0,0,0,1,1,1,3,80.8,713.1,70.83),
("4702-IOQDC",0,0,0,0,1,1,0,2,0,0,0,0,0,0,1,1,3,70.1,70.1,46.31),
("8739-WWKDU",1,1,0,0,25,1,1,2,0,1,0,0,1,0,1,1,3,89.5,2196.15,90.76),
("7808-DVWEP",1,0,1,0,3,1,0,0,2,2,2,2,2,2,1,0,2,20,49.65,97.33),
("2122-SZZZD",1,0,0,0,44,1,0,0,2,2,2,2,2,2,2,0,1,19.5,835.5,85.66),
("0504-HHAPI",0,1,0,0,27,1,1,2,0,0,1,0,0,1,1,0,1,88.3,2467.75,51.97),
("2616-FLVQC",1,0,0,0,64,1,0,0,2,2,2,2,2,2,3,0,4,19.55,1240.15,78.89),
("1395-WSWXR",1,0,0,0,24,1,0,0,2,2,2,2,2,2,3,0,4,20.75,487.05,91.61),
("1112-CUNAO",0,1,0,0,15,1,1,2,0,1,0,0,0,1,1,0,3,89.85,1424.95,10.63),
("8327-WKMIE",1,0,0,0,37,1,0,0,2,2,2,2,2,2,2,0,1,20.15,785.75,42.77),
("9924-JPRMC",1,0,0,0,72,1,1,2,1,1,1,1,1,1,3,1,3,118.2,8547.15,51.13),
("5071-FBJFS",0,0,1,1,4,1,0,1,1,0,0,0,0,0,1,0,3,50.3,217.1,44.72),
("5027-XWQHA",1,0,0,0,6,1,0,1,0,0,0,0,0,0,1,0,3,44.75,270.95,73.08),
("4633-MKHYU",0,0,0,0,9,1,0,2,0,0,0,0,1,1,1,1,4,88.4,788.6,20.07),
("7020-OZKXZ",0,1,0,0,9,1,0,2,0,0,1,0,0,0,1,0,1,75.5,637.4,93.06),
("8182-PNAGI",1,0,0,0,12,1,0,1,0,0,0,1,0,0,1,0,2,50.25,593.75,3.97),
("9611-CTWIH",0,0,0,0,3,1,0,2,0,0,0,0,1,1,1,1,3,89.45,240.45,33.53),
("9221-OTIVJ",0,1,0,0,14,1,1,2,0,1,1,0,1,1,1,1,3,104.85,1531.4,27.61),
("3317-HRTNN",0,1,0,0,5,0,2,1,0,0,0,0,1,1,1,0,3,45.7,198,42.73),
("8120-JDCAM",1,0,1,1,4,1,0,2,0,0,0,0,0,0,1,1,4,69.55,284.9,83.58),
("1051-GEJLJ",0,0,0,0,2,1,0,0,2,2,2,2,2,2,1,0,4,19.5,27.55,70.68),
("2002-MZHWP",0,0,0,0,1,1,0,0,2,2,2,2,2,2,1,0,4,20.5,20.5,85.5),
("5630-AHZIL",0,0,0,1,3,1,0,1,1,0,0,1,0,1,1,1,2,64.5,177.4,21.46),
("8012-SOUDQ",0,1,0,0,43,1,1,2,0,1,0,0,1,0,1,1,3,90.25,3838.75,71.13),
("3274-NSDWE",0,0,0,0,68,1,0,0,2,2,2,2,2,2,3,0,1,19.6,1441.65,38.11),
("2962-XPMCQ",1,0,0,0,2,1,0,1,0,0,0,0,0,0,1,1,3,45.15,98.5,55.65),
("1866-OBPNR",1,0,1,1,1,1,0,2,0,1,0,0,0,0,1,0,1,74.6,74.6,98.05),
("8336-TAVKX",0,1,1,0,72,1,1,1,1,1,1,1,0,1,3,0,2,78.45,5682.25,14.84),
("3507-GASNP",1,0,0,1,60,1,0,0,2,2,2,2,2,2,3,0,4,19.95,1189.9,56.66),
("8685-WHQPW",0,1,0,0,22,1,1,2,0,0,0,0,0,0,1,1,2,74.4,1692.6,68.46),
("7517-LDMPS",0,0,0,0,12,1,0,2,0,1,0,0,0,1,1,1,3,84.6,1017.35,22.85),
("8661-BOYNW",0,0,1,0,72,1,1,1,1,0,1,1,1,1,3,1,1,84.4,6096.45,54.78),
("5698-BQJOH",0,0,0,0,9,1,1,2,0,0,0,0,1,1,1,0,3,94.4,857.25,76.43),
("8590-OHDIW",0,0,1,1,38,1,0,0,2,2,2,2,2,2,2,0,4,20.3,749.35,77.95),
("5692-ICXLW",1,1,0,0,31,1,1,2,0,1,0,0,1,0,1,1,3,90.7,2845.15,92.41),
("4075-WKNIU",0,0,1,1,0,1,1,1,0,1,1,1,1,0,3,0,4,73.35,0,86.08),
("6713-OKOMC",0,0,0,0,10,0,2,1,1,0,0,0,0,0,1,0,4,29.75,301.9,37.05),
("4671-VJLCL",0,0,0,0,63,1,1,1,1,1,1,1,1,0,3,1,1,79.85,4861.45,60.81),
("8748-HFWBO",1,0,1,1,19,1,0,0,2,2,2,2,2,2,2,0,4,19.9,357.7,53.7),
("1096-ADRUX",0,0,1,1,66,1,1,2,0,0,0,0,0,0,2,1,2,74.25,4859.25,82.37),
("3756-VNWDH",1,1,1,0,65,1,1,2,1,0,0,0,1,1,2,1,3,100.75,6674.65,62.94),
("0840-DFEZH",0,0,0,0,7,1,1,2,0,0,0,0,0,0,1,1,3,75.35,564.65,80.69),
("7812-FZHPE",0,0,1,1,17,1,1,0,2,2,2,2,2,2,1,0,4,24.1,409.9,93.37),
("7130-CTCUS",1,1,1,0,16,1,0,1,1,1,0,0,0,0,1,1,2,54.55,825.1,42.72),
("9492-TOKRI",0,0,0,0,18,1,1,2,0,1,0,0,1,0,1,1,1,90,1527.35,92.12),
("0004-TLHLJ",1,0,0,0,4,1,0,2,0,0,1,0,0,0,1,1,3,73.9,280.85,8.69),
("0902-XKXPN",1,0,1,1,69,1,0,0,2,2,2,2,2,2,3,0,2,20.2,1376.5,39.18),
("7351-KYHQH",0,1,0,0,7,1,0,1,0,1,1,0,1,0,1,1,3,64.95,493.65,36.34),
("4735-ASGMA",1,0,0,0,26,1,1,2,0,0,1,0,1,1,1,1,3,98.35,2515.3,41.45),
("2272-JKMSI",0,0,1,1,62,1,1,2,0,1,1,1,1,1,2,1,3,110.8,6840.95,82.96),
("8224-DWCKX",1,1,0,0,12,1,1,2,0,0,0,0,0,0,1,1,1,73.3,828.05,99.54),
("1976-AZZPJ",1,0,1,0,7,0,2,1,1,1,0,0,0,0,1,0,4,34.2,256.6,24.69),
("0988-AADSA",0,0,1,1,72,1,1,1,1,1,1,1,0,1,3,0,2,80.85,5824.75,89.28),
("3847-BAERP",0,0,0,0,10,1,0,0,2,2,2,2,2,2,1,1,4,20.9,247,36.92),
("2718-YSKCS",1,0,1,1,71,1,0,0,2,2,2,2,2,2,3,1,2,19.6,1387.45,41.57),
("4081-DYXAV",0,0,0,0,19,0,2,1,0,0,0,0,1,1,2,1,1,44.85,893.55,58.32),
("6734-PSBAW",1,0,1,0,72,1,1,0,2,2,2,2,2,2,3,1,2,23.55,1723.95,94.22),
("1333-PBMXB",0,0,1,1,54,1,1,0,2,2,2,2,2,2,2,1,2,24.75,1342.15,84.84),
("0343-QLUZP",1,0,0,0,60,0,2,1,1,1,1,0,0,0,3,0,2,39.6,2424.5,26.34),
("7426-RHZGU",1,0,0,0,9,1,0,2,0,0,0,1,1,1,1,1,2,95.9,827.45,53.8),
("5240-IJOQT",1,1,0,0,1,1,1,2,0,0,0,0,0,0,1,1,3,74.7,74.7,31.05),
("0769-MURVM",0,0,1,1,72,0,2,1,1,1,1,1,1,1,3,0,2,65.7,4575.35,93.05),
("5793-YOLJN",0,0,1,1,55,1,0,0,2,2,2,2,2,2,3,0,4,21,1210.3,52.41),
("0784-GTUUK",1,0,1,0,62,1,1,0,2,2,2,2,2,2,2,1,1,23.75,1446.8,32.69),
("9609-BENEA",1,0,1,0,35,1,1,1,0,1,0,1,1,0,2,1,3,69,2441.7,93.15),
("5959-BELXA",1,1,0,0,32,1,1,2,0,0,0,0,1,1,1,1,1,96.15,3019.25,83.37),
("2293-IJWPS",0,0,1,0,57,1,1,2,0,0,1,0,1,1,2,1,1,100.75,5985,43.62),
("8401-EMUWF",1,0,1,1,42,1,1,1,1,1,0,0,1,0,1,1,2,69.4,3058.3,6.71),
("0369-ZGOVK",0,0,1,1,28,1,0,2,0,0,0,0,0,0,2,1,2,70.4,1992.2,17.78),
("7789-HKSBS",0,1,1,0,42,1,1,2,1,0,1,0,1,1,2,1,2,105.2,4599.15,89.33),
("1154-HYWWO",1,0,0,0,38,1,0,1,1,1,0,1,1,0,2,0,4,70.6,2708.2,40.5),
("6434-TTGJP",1,0,1,1,10,0,2,1,1,1,1,1,0,1,3,0,1,53.7,521,31.55),
("4883-KCPZJ",0,0,1,1,22,1,1,0,2,2,2,2,2,2,3,0,1,25.25,555.4,89.38),
("9513-DXHDA",1,0,0,0,27,1,0,1,1,0,1,1,1,1,2,0,3,81.7,2212.55,20.24),
("1053-MXTTK",0,0,1,1,72,1,0,2,1,1,1,1,1,1,3,1,2,108.65,7726.35,95.99),
("3470-BTGQO",1,0,0,1,21,1,0,1,0,0,0,0,0,0,1,0,4,45.65,985.05,34.22),
("5898-IGSLP",1,0,1,1,31,1,1,2,1,0,1,1,0,0,1,0,3,89.3,2823,64.77),
("0168-XZKBB",0,0,1,0,19,1,1,2,0,0,0,0,1,0,1,1,3,86.85,1564.4,38.45),
("4538-WNTMJ",0,0,1,1,46,1,1,0,2,2,2,2,2,2,2,0,4,24.95,1165.9,44.41),
("7394-FKDNK",0,0,1,0,9,1,0,2,0,0,0,0,1,1,1,0,3,89.45,853.1,20.5),
("7395-XWZOY",1,0,0,0,20,0,2,1,1,1,1,1,1,0,1,1,1,55,1165.55,83.11),
("5153-RTHKF",0,0,0,0,34,1,1,2,0,0,0,0,1,0,1,0,3,85.35,2896.6,3.9),
("4104-PVRPS",1,0,1,0,24,1,0,1,1,0,0,1,0,0,1,0,4,53.6,1315.35,24.6),
("5002-GCQFH",1,0,1,0,49,1,1,2,1,1,0,0,1,0,1,1,2,93.85,4733.1,46.56),
("0100-DUVFC",1,1,1,0,70,1,1,2,0,1,1,0,1,1,2,1,3,104.8,7308.95,22.01),
("0375-HVGXO",0,0,0,0,1,0,2,1,0,0,0,0,1,0,1,1,3,34.7,34.7,84.36),
("4293-ETKAP",0,0,1,1,65,1,1,1,0,1,0,1,1,1,3,1,2,79.4,5071.9,26.22),
("4806-DXQCE",0,1,1,0,70,1,1,2,1,1,1,1,1,1,3,1,3,113.65,7714.65,95.69),
("1194-SPVSP",1,0,0,0,1,1,0,0,2,2,2,2,2,2,1,0,2,19.65,19.65,11.59),
("4830-FAXFM",1,0,0,1,19,1,1,0,2,2,2,2,2,2,1,1,1,24.1,439.2,23.79),
("4905-JEFDW",1,0,0,0,11,0,2,1,0,0,1,0,1,0,2,1,3,41.6,470.6,76.55),
("9979-RGMZT",0,0,0,0,7,1,0,2,0,1,0,0,1,1,2,1,4,94.05,633.45,41.82),
("3133-PZNSR",1,0,1,1,72,1,1,2,1,1,0,1,0,1,3,1,1,97.75,6991.6,10.69),
("7977-HXJKU",1,0,0,1,21,1,0,0,2,2,2,2,2,2,3,0,4,19.6,397,41.52),
("7136-IHZJA",0,0,1,1,40,1,0,1,1,1,0,1,0,1,1,1,4,71.35,2847.2,74.87),
("1169-WCVAK",1,0,1,0,19,1,1,2,1,1,0,1,0,0,1,1,1,88.8,1672.35,91.67),
("6266-QHOJZ",0,0,0,0,65,1,1,2,1,1,0,1,0,0,2,1,3,89.85,5844.65,84.5),
("6339-TBELP",1,0,0,0,71,1,1,2,0,0,1,1,0,0,3,1,1,86.4,6172,20.13),
("4342-HENTK",0,1,0,0,2,1,0,2,0,0,0,0,0,0,1,1,3,70.65,142.35,40.0),
("5816-QVHRX",0,0,0,0,37,1,1,2,0,0,0,1,1,1,1,0,1,100.3,3541.4,80.19),
("7521-AFHAB",0,0,1,1,5,1,0,1,0,0,0,0,0,0,1,0,4,44.8,220.45,12.55),
("2270-CHBFN",0,0,1,0,44,1,1,2,1,1,1,1,0,0,1,1,1,95.1,4060.55,80.56),
("2273-QCKXA",1,0,0,0,1,1,0,1,0,0,0,1,0,0,1,0,4,49.05,49.05,66.59),
("6096-EGVTU",0,0,1,1,64,1,1,0,2,2,2,2,2,2,2,0,4,24.9,1595.5,46.9),
("8985-OOPOS",0,0,0,0,1,1,0,1,0,0,1,1,1,1,2,0,1,74.1,74.1,79.5),
("2452-KDRRH",1,1,0,0,67,1,1,2,0,0,1,0,1,1,1,1,1,101.4,6841.05,9.6),
("3214-IYUUQ",0,0,1,0,61,1,0,2,1,1,0,1,0,1,2,0,2,93.7,5860.7,29.41),
("4828-FAZPK",0,0,1,1,16,1,1,2,0,1,0,0,0,0,1,1,1,79.95,1267.95,41.57),
("5748-RNCJT",1,0,0,0,69,1,1,2,0,0,1,1,1,1,3,1,2,106.5,7348.8,91.49),
("5353-WILCI",0,0,0,0,28,1,0,1,1,1,0,0,0,0,1,0,3,56.05,1522.65,54.27),
("0151-ONTOV",0,0,0,0,1,1,0,2,0,0,0,0,0,0,1,0,4,70.9,70.9,22.06),
("9412-ARGBX",0,0,0,1,48,1,0,2,0,1,1,1,1,0,3,1,4,95.5,4627.85,11.62),
("0872-CASZJ",1,0,1,0,59,1,1,1,1,0,0,1,0,1,2,1,4,69.1,4096.9,64.9),
("7853-WNZSY",1,0,0,0,1,1,0,0,2,2,2,2,2,2,1,1,1,19.75,19.75,58.53),
("2236-HILPA",1,0,1,1,62,1,0,0,2,2,2,2,2,2,3,0,1,20.65,1218.45,88.8),
("3620-MWJNE",1,0,0,0,2,1,0,1,1,0,0,1,0,0,1,1,4,54.45,87.3,52.05),
("4079-ULGFR",1,0,0,0,16,1,0,0,2,2,2,2,2,2,1,0,4,20,275.7,33.56),
("3503-TYDAY",0,0,1,0,43,1,1,2,0,1,0,0,0,0,1,0,3,80.45,3398.9,98.47),
("0378-XSZPU",1,0,1,0,58,1,0,1,1,1,1,0,0,0,2,0,1,60.3,3563.8,65.98),
("2731-GJRDG",0,0,0,0,32,1,1,2,1,0,1,1,1,1,2,1,2,109.55,3608,24.54),
("3658-KIBGF",0,0,0,0,1,1,0,1,1,1,0,0,0,0,1,1,3,54.9,54.9,97.9),
("7601-WFVZV",1,0,0,0,1,1,0,0,2,2,2,2,2,2,1,0,4,19.55,19.55,85.18),
("2983-ZANRP",0,0,1,1,2,1,0,2,0,1,0,0,0,0,1,1,2,73.55,145.4,60.05),
("5242-UOWHD",1,0,1,1,45,1,0,0,2,2,2,2,2,2,3,0,4,20.35,929.2,79.6),
("6888-SBYAI",1,0,0,0,1,1,0,1,1,0,0,0,0,0,1,1,4,50.7,50.7,56.0),
("5834-ASPWA",1,0,0,0,1,1,1,2,0,0,0,0,0,0,1,1,3,75.45,75.45,19.59),
("7940-UQQUG",0,0,1,1,64,1,1,2,1,0,0,1,1,1,2,1,2,104.4,6721.6,36.55),
("7407-SUJIZ",1,0,0,0,25,1,0,0,2,2,2,2,2,2,1,0,4,20.6,541.5,87.77),
("2050-ONYDQ",0,0,1,1,65,1,1,0,2,2,2,2,2,2,3,0,1,26,1654.85,11.24),
("2858-EIMXH",0,1,1,0,53,1,1,2,0,0,0,0,1,1,2,1,1,95.85,5016.25,94.56),
("5134-IKDAY",0,0,1,1,1,1,0,2,0,0,0,0,0,0,1,1,3,69.8,69.8,83.76),
("1539-LNKHM",0,0,0,0,12,1,0,0,2,2,2,2,2,2,1,0,4,20.4,266.6,35.57),
("3703-VAVCL",1,0,1,1,2,1,0,2,0,0,1,1,0,1,1,0,1,90,190.05,48.13),
("8277-RVRSV",0,0,1,1,33,1,1,0,2,2,2,2,2,2,2,0,1,24.15,800.3,87.8),
("7529-ZDFXI",1,1,1,0,57,1,1,2,0,1,0,0,0,1,1,1,3,89.85,4925.35,80.38),
("4884-ZTHVF",0,1,0,0,8,1,0,2,0,1,0,0,1,0,1,1,3,87.1,713.6,17.15),
("1501-SGHBW",1,0,0,0,2,1,0,1,0,0,0,0,0,0,1,0,4,45.85,81,93.59),
("2656-TABEH",1,0,1,0,4,1,1,2,0,1,0,0,1,1,1,1,3,100.2,420.2,24.79),
("6892-EZDTG",0,0,1,0,4,1,1,2,0,1,0,0,1,0,1,1,3,91.65,365.4,55.34),
("5917-RYRMG",1,1,0,0,32,1,0,0,2,2,2,2,2,2,2,0,1,19.8,587.7,20.06),
("1548-ARAGG",0,0,1,1,4,1,1,1,0,1,0,1,0,0,1,1,4,58.5,224.85,23.16),
("8305-VHZBZ",1,0,0,0,1,1,0,0,2,2,2,2,2,2,1,1,4,20.2,20.2,77.88),
("8398-TBIYD",0,0,0,0,72,1,1,2,1,0,0,1,0,0,3,1,2,84.7,6185.15,46.0),
("4353-HYOJD",0,0,1,1,27,1,0,1,0,1,0,0,0,0,1,0,4,49.85,1336.15,38.25),
("6173-ITPWD",1,0,1,0,47,1,1,2,0,1,1,0,0,0,1,1,2,83.35,4065,86.17),
("5183-SNMJQ",1,0,0,0,10,1,0,2,0,0,0,1,1,1,1,1,1,95.1,865.1,95.81),
("4355-HBJHH",1,0,1,1,67,1,1,1,1,0,1,0,1,1,3,1,3,79.7,5293.4,21.96),
("8063-RJYNF",1,0,0,0,16,1,0,2,1,0,0,0,1,1,1,1,3,94.25,1483.25,17.16),
("7008-LZVOZ",1,0,1,1,66,1,1,0,2,2,2,2,2,2,3,1,1,25.3,1672.35,74.87),
("8979-CAMGB",1,1,0,0,64,1,1,2,0,0,1,1,1,1,2,0,3,102.1,6688.1,93.56),
("3776-EKTKM",0,1,0,0,1,0,2,1,0,0,0,0,1,0,1,1,3,36.45,36.45,69.08),
("2359-KLTEK",0,0,1,1,41,1,0,2,0,0,1,0,1,1,1,1,2,94.9,3848,69.14),
("9314-IJWSQ",0,0,1,1,14,1,1,2,0,0,0,0,1,0,1,1,3,84.8,1203.9,47.15),
("3871-IKPYH",1,1,0,0,1,1,0,2,0,0,0,0,0,0,1,0,3,69.1,69.1,63.26),
("8565-HBFNN",1,0,1,0,69,1,1,2,1,1,1,1,0,1,2,1,1,107.2,7317.1,36.44),
("6302-JGYRJ",1,0,0,1,31,1,1,1,0,1,0,1,1,1,2,1,4,79.45,2587.7,15.47),
("2511-ALLCS",0,0,1,1,35,1,1,0,2,2,2,2,2,2,3,0,2,24.3,821.6,81.84),
("5356-CSVSQ",0,0,0,0,3,1,1,1,0,0,0,1,1,0,1,0,3,64.6,174.2,22.05),
("0556-FJEGU",1,0,0,0,58,1,0,1,0,1,1,1,1,0,3,0,2,70.1,4048.95,34.03),
("0107-WESLM",1,0,0,0,1,1,0,0,2,2,2,2,2,2,1,1,3,19.85,19.85,4.83),
("3402-XRIUO",0,1,1,0,22,1,1,1,1,1,0,1,0,0,1,1,4,63.55,1381.8,18.24),
("7854-FOKSF",1,0,0,0,1,0,2,1,0,0,0,0,0,1,1,0,3,35.9,35.9,65.29),
("6549-BTYPG",0,0,1,0,60,0,2,1,0,1,1,1,1,1,3,0,1,60.8,3603.45,70.21),
("5457-COLHT",1,0,1,1,69,1,0,1,1,1,0,1,1,1,3,0,2,80.65,5542.55,42.21),
("4468-YDOVK",1,0,0,1,5,1,0,1,0,0,0,1,0,0,1,1,2,48.65,235.2,74.83),
("7029-RPUAV",1,1,1,0,17,1,1,2,0,0,1,0,1,1,1,1,1,100.45,1622.45,46.94),
("8577-QSOCG",0,0,1,1,38,1,0,0,2,2,2,2,2,2,3,1,4,20.2,746.05,7.86),
("6380-ARCEH",1,0,0,0,1,1,0,0,2,2,2,2,2,2,1,0,4,20.2,20.2,10.37),
("7175-NTIXE",0,0,0,0,25,1,0,1,1,0,0,1,1,1,1,1,1,76.15,1992.95,6.1),
("0604-THJFP",0,0,1,1,59,1,0,1,0,1,0,1,1,1,3,1,1,75.95,4542.35,73.73),
("9251-WNSOD",0,0,1,0,67,1,1,1,1,1,1,0,0,1,2,0,4,75.1,5064.45,64.4),
("2592-HODOV",1,0,0,0,13,1,0,0,2,2,2,2,2,2,2,0,1,19.3,259.65,32.91),
("8286-AFUYI",1,0,0,0,1,1,0,1,1,0,0,0,0,0,1,0,3,47.95,47.95,59.48),
("7394-LWLYN",0,0,0,0,2,1,0,2,0,0,0,0,0,0,1,1,3,70.15,123.8,70.27),
("3374-PZLXD",1,0,0,0,34,1,0,0,2,2,2,2,2,2,1,0,4,19.7,675.6,9.44),
("5651-YLPRD",0,0,1,1,32,1,0,2,0,1,0,0,1,0,1,1,3,86.1,2723.75,46.81),
("8474-UMLNT",0,0,0,0,13,1,0,1,1,1,0,1,0,1,1,0,2,67.8,842.25,4.51),
("1488-PBLJN",0,0,1,1,72,1,1,2,1,1,1,1,1,1,3,1,2,116.85,8477.7,63.05),
("6372-RFVNS",0,0,1,0,1,1,0,2,0,0,0,0,1,0,1,0,3,78.8,78.8,45.65),
("8405-IGQFX",0,0,0,0,63,1,0,2,0,0,1,1,1,0,2,1,1,90.05,5817,55.22),
("8160-HOWOX",0,0,0,0,7,1,0,1,0,0,0,0,1,1,1,1,3,66.85,458.1,94.24),
("3217-FZDMN",0,1,0,0,8,1,0,2,0,0,1,0,1,1,1,1,1,94.45,742.95,39.77),
("2057-ZBLPD",0,0,1,0,21,1,1,2,0,0,0,0,0,1,1,1,3,86.5,1808.7,83.47),
("1345-ZUKID",1,0,0,0,14,1,0,0,2,2,2,2,2,2,2,0,4,19.35,324.8,14.84),
("2123-AGEEN",0,1,0,0,7,1,0,2,0,0,1,0,1,0,1,1,3,84.35,609.65,52.42),
("1846-XWOQN",0,1,0,0,1,1,0,2,0,0,0,0,0,0,1,1,3,70.15,70.15,43.7),
("4609-KNNWG",0,0,1,1,27,1,0,0,2,2,2,2,2,2,3,0,4,19.9,550.1,13.86),
("8189-XRIKE",0,1,0,0,32,1,0,2,0,0,0,0,1,1,1,0,3,90.95,2897.95,80.08),
("0297-RBCSG",1,0,0,0,19,1,0,1,0,1,0,1,0,1,2,1,2,65.35,1231.85,94.52),
("0040-HALCW",1,0,1,1,54,1,0,0,2,2,2,2,2,2,3,0,1,20.4,1090.6,35.39),
("2619-WFQWU",0,0,0,0,1,1,0,2,0,0,0,0,0,0,1,1,4,70.15,70.15,4.61),
("0420-BWTPW",1,0,0,1,8,0,2,1,0,0,0,0,0,0,1,0,4,25.5,215.2,33.49),
("5609-CEBID",0,1,0,0,20,1,1,2,0,1,1,0,0,1,1,1,3,94.1,1782.4,2.16),
("1485-YDHMM",1,0,1,1,52,1,1,2,0,1,0,1,0,1,1,1,2,93.25,4631.7,58.47),
("0420-TXVSG",1,0,1,0,66,1,1,1,1,1,1,0,0,0,3,1,1,66.1,4428.45,76.09),
("4559-UWIHT",1,0,1,0,14,1,1,2,0,1,1,0,0,0,1,1,3,82.65,1185,69.02),
("4188-FRABG",1,0,1,0,57,1,1,2,1,1,1,1,1,0,1,1,3,103.05,5925.75,23.73),
("0516-QREYC",0,1,0,0,24,1,0,0,2,2,2,2,2,2,1,1,4,20.3,459.95,52.52),
("7314-OXENN",1,0,0,0,2,1,1,2,0,1,0,0,0,0,1,1,3,82,184.65,7.64),
("0899-WZRSD",1,0,0,0,56,1,1,2,1,0,0,1,1,1,1,1,4,105.35,5794.45,32.69),
("8048-DSDFQ",1,0,0,0,1,1,0,0,2,2,2,2,2,2,1,0,4,20.2,20.2,37.16),
("2208-MPXIO",0,0,1,1,45,1,0,0,2,2,2,2,2,2,3,1,2,20,886.4,97.95),
("6134-KWTBV",1,0,0,0,62,1,1,0,2,2,2,2,2,2,3,0,2,23.4,1429.65,4.84),
("0195-IESCP",1,0,1,0,10,1,1,2,0,0,0,0,0,1,1,1,3,85.25,855.3,38.85),
("5678-VFNEQ",0,0,1,0,71,1,1,2,1,0,1,0,1,1,2,1,1,104.1,7412.25,63.19),
("1810-BOHSY",1,0,1,0,51,1,1,2,1,1,0,0,0,1,2,1,1,96.4,4911.05,15.0),
("6874-SGLHU",1,0,0,0,30,1,0,2,0,1,0,0,1,1,2,1,2,97,3021.3,50.9),
("8652-YHIYU",0,0,0,1,16,1,1,2,0,0,0,1,0,0,2,1,1,79.5,1264.2,94.97),
("3551-GAEGL",1,0,1,1,34,0,2,1,1,0,0,0,0,0,2,0,2,30.4,938.65,16.43),
("5522-NYKPB",1,0,1,1,25,1,0,2,0,0,0,1,1,0,1,0,3,85.9,2199.05,14.38),
("3212-KXOCR",1,0,0,0,52,1,0,0,2,2,2,2,2,2,3,0,2,21,1107.2,38.13),
("5181-OABFK",0,0,1,1,56,1,0,1,1,1,1,0,0,0,3,1,1,61.3,3346.8,49.09),
("7632-YUTXB",0,0,1,1,25,1,0,0,2,2,2,2,2,2,2,0,4,20.05,520.1,89.58),
("0953-LGOVU",1,0,1,1,12,0,2,1,0,1,0,1,0,0,1,0,4,35.5,432.25,43.02),
("2550-QHZGP",1,0,0,0,7,1,0,0,2,2,2,2,2,2,2,0,4,19.5,128.6,61.25),
("2791-SFVEW",0,0,0,0,9,1,0,0,2,2,2,2,2,2,1,0,2,20.15,238.15,42.51),
("5469-CTCWN",1,0,1,1,61,1,1,2,1,1,0,0,1,1,2,1,3,106,6547.7,44.7),
("8654-DHAOW",0,0,0,0,2,1,1,1,0,1,0,0,0,0,1,0,4,54.15,101.65,68.95),
("2229-VWQJH",0,0,0,0,24,1,0,1,0,0,1,0,0,0,1,1,1,49.3,1233.25,10.47),
("3440-JPSCL",0,0,0,0,6,1,0,2,0,0,1,1,1,1,1,1,4,99.95,547.65,32.24),
("5652-MSDEY",0,0,0,0,10,1,1,2,0,0,0,0,0,0,1,1,4,75.75,777.3,5.57),
("6319-QSUSR",0,0,0,1,11,1,0,0,2,2,2,2,2,2,1,0,1,19.7,216.2,8.72),
("0463-WZZKO",1,0,0,0,3,1,0,0,2,2,2,2,2,2,1,1,1,20.75,67.1,77.53),
("6765-MBQNU",0,0,1,0,26,1,1,0,2,2,2,2,2,2,2,0,4,26,684.05,17.71),
("3088-LHEFH",0,0,0,0,11,1,1,2,1,0,0,0,0,0,1,1,2,79,929.3,13.47),
("5846-NEQVZ",1,0,1,1,71,1,0,1,1,0,1,1,0,1,3,1,1,70.85,4973.4,71.04),
("5195-KPUNQ",0,1,0,0,53,1,0,2,1,1,0,1,0,1,2,1,4,96.75,5206.55,97.7),
("4223-WOZCM",1,1,0,0,2,1,0,1,0,0,1,0,0,0,1,0,4,49.95,107.1,35.98),
("9710-NJERN",0,0,0,0,39,1,0,0,2,2,2,2,2,2,3,0,4,20.15,826,44.07),
("5337-IIWKZ",1,0,1,1,34,0,2,1,0,0,1,1,1,0,1,1,3,44.85,1442.6,19.25),
("1629-DQQVB",0,0,0,0,14,1,0,1,1,0,0,0,0,0,1,0,2,50.1,709.5,10.32),
("4001-TSBTV",0,0,1,1,58,1,0,2,0,1,1,0,1,0,1,1,3,91.55,5511.65,41.24),
("9305-CDSKC",0,0,0,0,8,1,1,2,0,0,1,0,1,1,1,1,3,99.65,820.5,98.98),
("6447-EGDIV",0,0,0,0,31,1,0,0,2,2,2,2,2,2,2,0,4,20.95,683.25,55.29),
("1106-HRLKZ",1,0,1,1,40,1,0,0,2,2,2,2,2,2,3,0,4,19.6,808.95,25.84),
("4631-OACRM",1,1,0,0,15,1,0,2,0,0,0,0,0,1,1,1,3,79.4,1156.1,24.77),
("0840-DCNZE",1,0,0,0,47,1,0,1,1,1,1,1,1,1,2,1,2,86.95,4138.9,25.67),
("9103-TCIHJ",0,0,0,0,15,1,1,1,1,0,0,0,0,0,1,1,4,55.7,899.8,70.85),
("7722-VJRQD",1,0,1,1,72,0,2,1,1,0,1,1,1,1,3,0,2,60.95,4549.05,57.69),
("1565-RHDJD",0,0,0,1,4,1,1,2,0,1,1,0,0,0,1,0,2,84.05,333.55,69.47),
("5168-MSWXT",1,0,1,1,8,1,0,2,0,0,1,0,1,1,1,1,3,94.75,759.55,68.04),
("2982-IHMFT",0,1,0,0,1,1,1,2,0,0,0,0,0,0,1,1,4,74.45,74.45,49.09),
("1596-BBVTG",1,0,0,0,35,1,1,2,0,0,0,0,0,0,1,0,1,75.35,2636.05,5.61),
("0848-ZGQIJ",0,0,1,0,16,1,0,2,0,1,0,0,1,1,1,1,2,94.65,1461.15,5.18),
("5294-CDGWY",1,0,1,1,51,0,2,1,1,1,1,0,1,1,2,0,3,59.3,3014.65,57.72),
("7101-HRBLJ",0,0,1,1,72,1,0,1,1,1,1,1,1,1,3,1,2,83.7,6096.9,39.65),
("9705-IOVQQ",1,1,1,1,61,1,1,2,0,1,0,0,1,1,2,0,3,99,5969.3,20.84),
("6627-CFOSN",0,0,0,0,59,1,1,2,1,1,1,0,0,1,1,1,2,99.45,5623.7,61.37),
("9548-LERKT",1,0,1,0,24,1,0,0,2,2,2,2,2,2,3,0,4,19.75,483.15,73.88),
("0423-UDIJQ",1,1,0,0,9,1,0,1,0,0,0,1,0,0,1,0,4,49.2,447.9,87.69),
("2675-OTVVJ",1,1,1,0,31,1,1,2,1,0,0,0,1,0,1,0,3,89.45,2807.65,27.54),
("2740-TVLFN",1,0,0,0,1,1,1,1,0,0,0,0,0,0,1,1,3,50.15,50.15,88.32),
("8480-PPONV",1,0,1,1,62,1,1,2,1,1,1,1,1,1,3,0,2,115.55,7159.05,22.8),
("7684-XSZIY",1,0,1,1,72,1,1,0,2,2,2,2,2,2,3,0,2,24.3,1643.25,11.48),
("7781-EWARA",1,0,1,1,70,0,2,1,0,1,1,1,1,1,2,0,3,60.35,4138.7,83.19),
("5302-BDJNT",1,0,0,0,35,1,1,2,0,0,1,1,1,0,1,0,3,95.5,3418.2,25.77),
("5707-ORNDZ",1,1,0,0,9,1,1,1,1,0,0,0,0,0,1,0,3,54.55,494.05,25.69),
("7989-AWGEH",1,0,1,1,49,0,2,1,1,0,0,0,0,1,1,1,3,39.2,1838.15,46.49),
("5020-ZSTTY",0,1,0,0,54,1,1,1,1,1,0,1,1,1,2,0,2,82.45,4350.1,3.89),
("5846-QFDFI",0,0,1,1,33,1,1,2,0,1,1,1,0,0,1,0,1,88.6,2888.7,87.3),
("6838-YAUVY",0,0,0,0,54,1,1,2,0,0,1,1,0,1,3,1,2,95.1,5064.85,47.23),
("8087-LGYHQ",1,0,0,0,9,1,0,2,0,0,1,0,1,1,1,1,3,94.05,811.65,7.85),
("2038-LLMLM",0,0,0,0,48,1,1,2,0,0,1,1,1,1,1,1,3,103.85,4946.05,62.57),
("6124-ACRHJ",0,0,0,0,1,1,0,0,2,2,2,2,2,2,1,0,4,19.75,19.75,31.97),
("4112-LUEIZ",1,0,0,0,10,1,0,2,0,0,0,0,1,1,1,1,3,89.5,863.1,82.66),
("6386-SZZKH",0,0,1,1,49,1,1,2,0,1,1,1,1,1,3,1,2,107.95,5293.2,6.97),
("6504-VBLFL",1,0,1,0,55,1,0,1,1,1,1,0,0,0,3,0,3,58.6,3068.6,52.11),
("0122-OAHPZ",0,0,0,0,7,1,1,2,0,0,0,0,0,0,1,1,3,73.85,511.25,23.84),
("8433-WPJTV",0,1,1,1,65,1,1,2,0,0,1,1,1,1,2,1,2,103.9,6767.1,67.71),
("6963-KQYQB",0,0,1,1,70,1,1,0,2,2,2,2,2,2,3,0,4,24.05,1764.75,25.84),
("9481-SFCQY",0,0,0,1,14,1,0,1,0,0,1,0,1,0,1,1,1,59.8,824.85,11.65),
("4139-DETXS",0,0,1,1,72,0,2,1,1,1,1,1,1,1,3,0,2,64.45,4528,67.46),
("8740-CRYFY",1,0,0,0,1,1,0,2,0,0,0,0,1,0,1,1,3,78.95,78.95,36.71),
("2608-BHKFN",0,0,0,0,4,1,0,2,0,0,0,0,0,0,1,1,1,70.05,266.9,13.38),
("1080-BWSYE",1,1,1,0,64,1,1,0,2,2,2,2,2,2,3,0,1,25.65,1740.8,21.89),
("9453-PATOS",0,0,1,0,72,1,0,1,1,1,1,1,1,1,3,0,4,85.1,6155.4,63.44),
("0212-ISBBF",0,0,0,0,22,0,2,1,0,1,0,0,1,1,1,1,3,50.35,1098.85,94.86),
("9248-OJYKK",1,1,0,0,1,1,1,2,0,0,0,0,0,0,1,1,3,76.45,76.45,93.39),
("4487-ZYJZK",0,0,1,1,38,1,0,0,2,2,2,2,2,2,2,0,1,19.6,763.1,8.15),
("4102-HLENU",0,0,1,0,67,1,1,1,1,1,1,0,0,0,3,0,4,65.65,4322.85,20.41),
("8241-JUIQO",0,0,0,0,61,1,0,0,2,2,2,2,2,2,2,0,2,19.45,1336.35,83.37),
("5529-GIBVH",0,0,0,0,47,1,0,0,2,2,2,2,2,2,3,0,4,20.15,1046.2,69.47),
("8224-KDLKN",1,0,1,1,72,1,1,0,2,2,2,2,2,2,3,0,2,25,1738.9,10.18),
("9880-TDQAC",0,0,1,1,72,0,2,1,0,1,1,1,1,1,3,1,3,60,4264,48.16),
("5975-BAICR",1,0,1,1,36,1,0,1,1,0,1,0,0,1,2,1,1,63.7,2188.5,88.44),
("8849-GYOKR",0,0,1,0,54,1,1,2,1,1,0,0,1,1,2,0,2,106.55,5763.3,35.75),
("5397-NSKQG",1,0,1,1,67,0,2,1,1,0,0,0,1,1,3,0,1,50.9,3281.65,15.36),
("5351-QESIO",1,0,0,1,1,0,2,1,0,0,0,0,0,0,1,0,4,24.2,24.2,80.04),
("6128-AQBMT",1,1,1,0,41,0,2,1,0,1,1,0,1,1,1,1,3,53.95,2215.4,64.41),
("1293-BSEUN",0,0,1,1,72,1,0,0,2,2,2,2,2,2,3,1,4,20.7,1482.3,76.78),
("4324-AHJKS",0,0,0,0,5,1,0,1,1,0,1,0,0,0,1,0,1,55.8,300.4,48.86),
("1025-FALIX",0,0,0,0,26,1,0,2,0,0,0,0,0,0,1,1,1,69.05,1815.65,87.05),
("5605-IYGFG",0,0,0,0,7,1,0,2,0,0,0,0,0,0,1,1,2,69.85,515.45,51.64),
("8259-DZLIZ",0,0,1,1,64,1,1,1,0,1,0,0,0,0,2,1,2,53.85,3399.85,0.45),
("5208-FVQKB",1,0,1,0,70,1,0,1,1,1,0,1,0,1,3,0,4,67.95,4664.15,19.87),
("3727-JEZTU",0,0,0,0,1,1,0,0,2,2,2,2,2,2,1,0,4,20.4,20.4,14.91),
("6987-XQSJT",0,1,0,0,54,1,1,2,0,1,0,0,0,0,1,1,3,79.5,4370.25,31.1),
("6919-ELBGL",1,1,1,1,72,1,1,2,1,1,1,1,1,1,3,1,2,114.95,8196.4,83.5),
("3420-YJLQT",0,0,0,0,2,1,1,2,0,1,0,0,0,0,1,0,3,79.55,151.75,81.46),
("1624-WOIWJ",0,0,0,0,10,1,0,2,1,0,0,0,1,0,1,1,4,84.7,832.05,21.21),
("2612-RANWT",0,0,0,0,12,1,1,2,0,0,1,0,1,1,1,1,2,100.15,1164.3,93.32),
("8608-OZTLB",1,0,1,1,38,1,0,1,1,1,1,1,1,0,2,0,3,74.05,2802.3,83.29),
("0623-EJQEG",1,0,0,0,65,1,1,2,1,0,0,1,0,1,2,0,3,93.55,6069.25,89.62),
("2176-LVPNX",0,1,0,0,71,1,1,1,1,1,1,1,1,1,3,0,4,89.85,6293.45,68.18),
("5349-AZPEW",0,0,1,1,5,0,2,1,0,0,0,0,0,0,1,0,4,25.05,125.5,22.88),
("4826-DXMUP",1,0,0,1,35,1,0,1,0,0,0,1,1,1,2,1,4,72.1,2495.15,40.69),
("8313-NDOIA",0,0,0,0,24,1,1,2,0,1,1,0,1,1,1,1,3,104.15,2494.65,90.27),
("1837-YQUCE",0,0,0,0,70,0,2,1,1,0,1,1,1,1,3,1,2,58.35,4214.25,87.61),
("9281-PKKZE",0,0,1,0,46,0,2,1,0,0,0,0,1,1,1,1,3,43.95,2007.85,59.08),
("5394-MEITZ",0,0,1,1,60,1,0,1,0,1,1,1,1,1,3,1,2,80.6,4946.7,46.28),
("6298-QDFNH",1,0,0,0,22,1,1,2,0,1,0,0,0,0,1,1,3,79.35,1730.35,1.85),
("8882-TLVRW",1,0,1,1,69,0,2,1,1,0,1,1,0,0,3,0,4,39.1,2779.5,7.08),
("0197-PNKNK",0,0,1,1,69,1,1,2,1,0,1,0,0,0,2,0,2,84.45,5848.6,16.83),
("7853-GVUDZ",0,0,1,1,1,1,0,0,2,2,2,2,2,2,1,1,1,20.15,20.15,19.49),
("0513-RBGPE",1,0,1,1,37,1,1,1,1,0,1,1,0,0,3,1,1,62.8,2278.75,90.98),
("7321-VGNKU",0,0,1,0,2,1,0,2,0,0,0,0,0,0,1,1,3,70.35,120.25,81.72),
("2262-SLNVK",0,0,0,0,1,1,0,2,0,0,0,0,0,0,1,0,3,70.1,70.1,20.94),
("8818-DOPVL",0,1,0,0,46,1,1,2,0,1,1,0,1,1,1,1,3,104.45,4863.85,60.23),
("5802-ADBRC",0,0,1,0,50,1,1,2,1,0,1,0,1,1,2,1,4,104.4,5232.9,58.63),
("1078-TDCRN",0,1,1,0,3,0,2,1,0,1,0,0,0,0,1,1,3,30.75,82.85,69.57),
("3982-XWFZQ",0,0,1,0,42,1,1,1,0,0,0,0,0,0,1,1,3,50.25,2203.65,61.32),
("3537-RYBHH",0,1,1,0,47,1,1,1,1,1,1,0,0,0,1,1,1,67.45,3252,76.89),
("8205-OTCHB",1,0,0,0,22,0,2,1,0,1,1,0,0,1,2,1,2,43.75,903.6,52.83),
("5858-EAFCZ",1,0,0,0,1,1,0,1,0,0,0,0,0,0,1,0,4,44.45,44.45,55.29),
("8033-ATFAS",0,0,1,1,39,1,0,1,0,0,1,0,1,0,1,1,4,59.85,2341.5,73.87),
("7978-DKUQH",0,0,1,0,25,1,0,2,0,0,1,0,0,0,1,1,3,74.6,1797.75,63.37),
("8865-TNMNX",1,0,1,1,10,1,0,1,0,1,0,0,0,0,2,0,4,49.55,475.7,5.83),
("4625-LAMOB",1,0,0,0,44,1,0,0,2,2,2,2,2,2,3,0,1,20.4,905.55,17.96),
("2606-RMDHZ",1,0,0,0,6,0,2,1,0,1,0,0,0,0,1,1,1,30.5,208.7,34.34),
("6278-FEPBZ",0,0,0,0,9,1,0,0,2,2,2,2,2,2,1,0,4,20.25,186.15,32.55),
("2856-HYAPG",0,0,0,0,1,1,0,2,0,0,0,0,0,0,1,0,3,68.65,68.65,18.32),
("9831-BPFRI",0,0,1,1,39,1,1,2,0,1,1,1,0,0,2,1,3,89.55,3474.45,1.59),
("5828-DWPIL",1,1,1,0,62,1,1,2,1,1,1,0,0,0,1,1,3,89.1,5618.3,3.76),
("7242-EDTYC",1,0,0,1,44,1,0,0,2,2,2,2,2,2,3,0,2,19.55,819.95,43.52),
("8166-ZZTFS",0,1,1,0,66,1,1,1,0,1,1,0,1,1,3,1,2,80.55,5265.1,25.05),
("8606-OEGQZ",0,0,0,1,18,1,1,0,2,2,2,2,2,2,3,0,1,25.3,454.65,8.56),
("9152-AMKAK",1,0,0,0,6,1,0,1,1,0,1,1,1,1,3,1,4,80.25,493.4,85.12),
("9767-FFLEM",1,0,0,0,38,1,0,2,0,0,0,0,0,0,1,1,1,69.5,2625.25,22.71),
("6303-KFWSL",0,0,0,0,29,1,1,1,0,1,0,0,0,0,2,1,3,55.25,1620.2,13.47),
("6723-WSNTY",0,1,1,0,66,1,1,2,0,1,1,1,1,1,2,1,1,108.1,7181.95,94.86),
("9986-BONCE",0,0,0,0,4,1,0,0,2,2,2,2,2,2,1,0,2,20.95,85.5,86.95),
("1840-BIUOG",1,0,0,0,20,1,1,1,0,1,0,1,1,0,2,1,3,68.7,1416.2,85.76),
("5440-FLBQG",1,1,1,0,69,1,1,2,0,1,1,1,1,1,3,1,2,108.4,7318.2,10.41),
("0266-CLZKZ",0,0,1,1,67,1,1,2,0,0,1,1,1,1,3,1,2,105.65,6717.9,1.08),
("4927-WWOOZ",1,0,1,0,2,1,1,2,0,0,1,0,1,0,1,1,3,91.45,171.45,75.0),
("5301-GAUUY",1,0,0,0,32,1,1,2,0,1,0,0,0,0,1,1,2,80.35,2596.15,27.73),
("6384-VMJHP",0,0,0,0,72,1,0,1,1,1,1,1,0,1,3,1,1,73,5265.2,82.97),
("7164-BPTUT",1,0,0,1,57,1,1,1,1,1,1,1,1,1,3,0,4,89.55,5012.35,5.16),
("7168-HDQHG",0,0,1,1,36,1,0,0,2,2,2,2,2,2,1,0,2,19.2,702.9,76.43),
("4992-LTJNE",1,0,1,1,72,1,1,1,1,0,0,0,0,0,3,0,2,55.3,3983.6,81.04),
("9054-FOWNV",1,0,1,1,22,1,1,2,0,0,1,0,1,0,1,1,3,88.75,1885.15,41.36),
("5214-NLTIT",1,0,1,1,72,1,1,2,0,0,1,0,0,1,3,1,1,90.8,6511.8,91.06),
("1406-PUQVY",1,0,0,1,1,1,0,1,0,1,0,0,0,0,1,1,3,49.9,49.9,67.13),
("5158-RIVOP",0,0,1,1,11,1,0,0,2,2,2,2,2,2,3,0,1,20.9,202.3,2.13),
("0818-OCPZO",1,1,0,0,27,1,1,2,0,1,0,0,0,0,1,1,3,81.45,2122.05,88.42),
("2045-BMBTJ",0,1,0,0,33,0,2,1,1,1,1,0,1,1,1,1,2,59.45,1884.65,71.91),
("0719-SYFRB",0,0,0,0,12,1,1,1,1,0,1,1,0,0,1,1,4,61.65,713.75,19.65),
("3097-IDVPU",1,0,1,1,19,1,1,1,0,0,0,0,0,0,1,0,1,50.1,910.45,8.5),
("4465-VDKIQ",0,0,0,0,18,1,0,2,0,1,1,0,0,0,1,0,3,77.8,1358.6,73.79),
("8317-BVKSO",1,0,0,0,14,1,0,0,2,2,2,2,2,2,1,1,3,20.05,299.3,56.5),
("0017-IUDMW",0,0,1,1,72,1,1,2,1,1,1,1,1,1,3,1,1,116.8,8456.75,39.96),
("9026-RNUJS",1,1,0,0,5,1,0,1,0,0,1,0,0,0,1,0,3,50.35,237.25,81.45),
("9575-IWCAZ",1,0,1,0,6,1,1,0,2,2,2,2,2,2,2,0,4,25.1,171,79.5),
("5115-GZDEL",1,0,0,1,72,0,2,1,1,1,1,1,1,1,3,0,1,67.2,4671.7,89.25),
("3039-MJSLN",1,0,0,1,3,1,0,0,2,2,2,2,2,2,1,0,2,20.2,50.6,30.3),
("4695-VADHF",1,0,1,1,18,1,0,1,0,0,1,0,0,1,1,0,3,57.45,990.85,78.91),
("1036-GUDCL",1,0,1,1,60,1,0,1,1,1,0,1,1,1,1,1,1,79.05,4663.4,75.61),
("0731-EBJQB",0,0,1,1,52,1,0,0,2,2,2,2,2,2,2,1,3,20.4,1090.65,29.52),
("8910-ICHIU",0,0,0,0,46,1,0,2,1,1,1,0,1,0,2,1,1,95.65,4664.2,52.59),
("6701-YVNQG",1,0,1,0,72,1,1,1,1,1,1,1,1,1,3,1,1,88.7,6301.7,44.47),
("4280-DLSHD",1,0,1,0,8,1,0,1,0,1,1,0,0,0,1,1,4,54.75,445.85,69.47),
("6161-UUUTA",1,1,0,0,3,1,0,2,0,0,0,0,1,0,1,1,3,79.9,260.9,24.67),
("8409-WQJUX",0,0,0,0,25,0,2,1,0,0,1,1,1,1,2,0,3,54.2,1423.15,51.79),
("3498-LZGQZ",1,0,1,1,63,1,0,0,2,2,2,2,2,2,3,1,4,19.15,1177.05,32.2),
("4359-INNWN",0,0,0,0,17,1,0,0,2,2,2,2,2,2,2,0,1,20.05,337.9,12.38),
("5261-QSHQM",0,0,0,0,4,0,2,1,0,0,0,0,0,0,1,1,3,24.45,86.6,11.72),
("1061-PNTHC",0,0,1,1,56,1,1,2,1,0,1,1,1,1,1,1,4,109.6,5953,69.12),
("9362-MWODR",0,0,0,1,40,1,0,1,1,0,0,1,1,0,1,1,1,64.1,2460.35,64.89),
("6693-FRIRW",1,0,0,0,18,1,0,2,0,1,1,0,1,1,1,0,1,101.3,1794.65,31.07),
("7541-YLXCL",1,0,0,0,36,1,0,1,0,1,0,1,0,1,2,1,4,65.4,2498.4,30.96),
("0829-XXPLX",0,0,0,0,20,1,0,2,1,0,1,0,1,0,1,1,2,89.4,1871.15,4.87),
("0635-WKOLD",1,0,1,0,40,1,1,1,0,1,0,1,1,0,2,0,1,70.75,2921.75,75.64),
("5288-AHOUP",1,1,0,0,11,1,0,2,0,0,0,0,0,1,1,1,3,78.5,874.2,17.27),
("9079-LWTFD",1,0,0,0,47,1,1,2,1,1,0,1,1,0,1,0,4,100.75,4669.2,22.97),
("6985-HAYWX",0,0,1,0,26,1,1,2,0,1,0,0,0,0,1,0,2,79.3,2015.8,1.77),
("1135-LMECX",0,0,0,0,1,1,0,0,2,2,2,2,2,2,1,0,4,19.85,19.85,18.76),
("3717-LNXKW",1,0,1,0,38,1,1,2,1,0,0,0,1,0,1,0,2,91.7,3479.05,15.07),
("5981-ZVXOT",0,1,0,0,35,1,1,2,1,1,1,0,1,1,2,1,3,108.35,3726.15,23.06),
("7841-FCRQD",0,0,1,0,33,1,0,1,0,1,0,1,0,0,2,1,1,53.75,1857.3,36.65),
("5640-CAXOA",0,0,0,0,30,0,2,1,0,0,0,1,0,1,2,1,1,40.35,1187.05,85.77),
("6595-COKXZ",0,0,0,0,1,1,0,1,0,0,0,0,0,0,1,1,4,44.45,44.45,73.56),
("6508-NJYRO",1,0,1,0,15,1,0,0,2,2,2,2,2,2,2,0,4,18.8,294.95,36.41),
("8714-EUHJO",0,0,1,1,31,1,1,2,0,1,0,0,0,1,1,1,3,91.15,2995.45,0.5),
("2908-ZTPNF",0,0,0,0,36,0,2,1,0,1,0,1,0,0,1,1,2,34.85,1267.2,7.65),
("9805-FILKB",1,0,1,1,46,1,0,0,2,2,2,2,2,2,2,1,2,20.2,845.6,9.72),
("3580-GICBM",0,0,1,1,61,1,1,0,2,2,2,2,2,2,3,1,4,24.2,1445.2,55.25),
("0570-BFQHT",0,0,0,0,9,1,0,2,0,1,1,0,0,0,1,0,3,80.55,653.9,94.13),
("2528-HFYZX",1,1,1,0,17,1,0,2,0,1,0,0,0,0,1,1,3,76.45,1233.4,13.59),
("3487-EARAT",0,0,1,1,70,1,0,1,1,1,1,1,0,1,2,0,1,74.1,5222.3,98.0),
("4962-CHQPW",1,0,0,1,29,1,0,0,2,2,2,2,2,2,2,0,4,19.85,535.05,83.47),
("9725-SCPZG",1,0,0,1,1,1,0,2,0,0,0,0,1,1,1,1,3,90.85,90.85,93.58),
("2987-BJXIK",0,0,0,0,70,1,1,1,1,1,1,0,1,1,3,0,4,84.7,5991.05,72.38),
("0856-NAOES",1,0,0,0,6,1,0,1,0,0,1,0,1,0,1,0,4,60.9,414.1,36.94),
("6635-CPNUN",1,0,1,0,28,1,1,2,0,1,1,0,1,0,1,0,1,96.6,2684.35,74.92),
("1221-GHZEP",0,0,0,0,62,1,0,1,1,0,0,1,0,1,3,1,4,65.1,3846.75,79.61),
("9127-FHJBZ",1,0,1,1,72,1,1,2,1,1,1,1,1,1,3,1,3,114,8093.15,42.17),
("8909-BOLNL",1,0,0,0,3,1,0,0,2,2,2,2,2,2,2,0,4,21.2,52.05,58.58),
("7905-TVXTA",0,0,0,0,5,1,0,1,1,0,0,1,1,0,1,1,3,64.35,352.65,11.32),
("8805-JNRAZ",0,0,0,0,2,1,0,1,0,1,0,0,0,0,1,0,4,49.2,103.7,30.73),
("9798-OPFEM",0,0,0,0,46,1,0,0,2,2,2,2,2,2,3,1,3,21.1,937.1,88.3),
("6502-MJQAE",1,0,0,0,1,1,0,2,0,0,0,0,0,0,1,1,3,69.6,69.6,82.97),
("3197-NNYNB",1,0,0,0,65,1,1,2,0,1,1,0,1,1,3,0,1,105.1,6631.85,31.08),
("9494-BDNNC",1,0,1,0,66,1,1,2,0,1,1,0,0,1,2,0,3,95.3,6273.4,65.76),
("1064-FBXNK",1,0,1,1,1,1,0,0,2,2,2,2,2,2,2,0,1,19.85,19.85,47.75),
("6060-DRTNL",0,1,0,0,5,1,0,2,0,0,1,0,1,0,1,1,4,84.85,415.55,30.89),
("8413-YNHNV",1,0,0,0,69,1,1,1,1,1,1,1,1,1,3,0,4,90.65,6322.1,36.6),
("8044-BGWPI",1,0,1,1,12,1,0,0,2,2,2,2,2,2,1,1,3,21.15,306.05,42.02),
("5052-PNLOS",1,0,0,0,3,1,1,2,0,1,1,0,1,1,1,1,2,105.35,323.25,45.6),
("4908-XAXAY",0,1,0,0,49,1,0,2,0,1,1,0,0,1,2,1,2,89.85,4287.2,6.98),
("6729-GDNGC",0,1,0,0,20,1,0,2,0,0,0,0,1,0,1,0,2,80.7,1614.2,73.26),
("1599-EAHXY",1,0,1,1,60,1,1,0,2,2,2,2,2,2,2,0,1,23.95,1506.4,41.61),
("8896-BQTTI",1,0,0,0,1,1,1,0,2,2,2,2,2,2,1,1,4,25,25,68.29),
("0337-CNPZE",0,0,0,0,41,1,1,2,0,1,1,0,1,1,1,1,3,106.3,4443.45,91.8),
("0348-SDKOL",0,0,1,0,58,1,1,2,0,0,1,1,1,1,1,1,1,102.1,5885.4,62.54),
("1768-HNVGJ",0,1,0,0,45,1,1,1,1,0,0,1,0,1,1,1,3,70.05,3062.45,24.14),
("7217-JYHOQ",1,0,1,1,24,1,0,1,1,1,0,1,0,1,1,1,1,70.3,1706.45,14.88),
("7803-XOCCZ",0,0,1,1,52,1,0,2,1,0,1,1,0,0,1,1,2,84.05,4326.8,99.14),
("6199-IPCAO",0,0,1,1,29,1,1,0,2,2,2,2,2,2,3,0,4,26.1,692.55,75.8),
("1658-TJVOA",0,1,0,0,6,1,0,2,1,0,0,0,0,0,1,1,3,74.1,450.9,36.02),
("4693-VWVBO",0,0,0,0,3,1,0,0,2,2,2,2,2,2,1,0,3,19.55,61.05,95.71),
("6030-REHUX",0,1,1,0,28,1,1,2,0,1,1,1,1,1,1,1,3,110.85,3204.4,71.77),
("4685-TFLLS",1,0,1,1,18,1,0,0,2,2,2,2,2,2,2,0,2,19.8,342.3,64.67),
("1932-UEDCX",1,1,1,0,33,1,1,2,0,1,0,0,1,1,1,1,2,100.6,3270.25,39.7),
("7873-CVMAW",1,0,0,0,72,1,1,1,1,1,1,1,1,1,3,0,1,88.55,6362.35,77.82),
("2223-KAGMX",0,0,0,0,15,1,0,0,2,2,2,2,2,2,1,0,2,19.4,289.3,35.43),
("8164-OCKUJ",0,0,1,1,59,1,0,0,2,2,2,2,2,2,3,0,4,20.6,1286,25.91),
("2188-SXWVT",0,0,0,0,34,1,0,1,1,1,0,0,0,0,2,0,4,55,1885.15,33.27),
("5174-RNGBH",0,0,0,0,9,1,0,1,0,1,0,1,1,0,1,0,4,66.25,620.55,88.99),
("5356-RHIPP",1,0,0,0,1,1,0,0,2,2,2,2,2,2,1,1,4,20.2,20.2,76.72),
("6510-UPNKS",0,0,0,0,23,1,1,0,2,2,2,2,2,2,2,0,1,24.8,615.35,1.05),
("7881-EVUAD",0,0,0,0,2,0,2,1,1,1,0,0,0,1,1,1,3,42.6,72.4,3.16),
("7967-HYCDE",1,0,0,0,8,1,0,2,0,0,0,0,0,0,1,0,2,70.7,553.4,74.51),
("2462-XIIJB",1,0,0,0,5,1,1,2,0,0,1,0,1,0,1,1,3,92.5,452.7,4.69),
("9800-OUIGR",1,0,1,1,66,1,0,0,2,2,2,2,2,2,3,0,1,20,1374.2,51.6),
("8725-JEDFD",1,0,0,0,27,1,0,2,0,0,0,0,0,0,1,1,4,69.05,1793.25,1.36),
("0788-DXBFY",1,0,1,1,58,1,0,0,2,2,2,2,2,2,2,1,3,19.55,1108.8,84.87),
("5014-WUQMG",1,0,1,1,47,1,0,2,1,1,1,0,0,1,2,1,3,96.1,4391.45,5.23),
("6131-FOYAS",1,0,0,0,35,1,1,1,1,0,1,0,0,0,1,1,3,59.6,2094.9,68.74),
("7746-AWNQW",0,0,0,0,28,0,2,1,0,0,1,1,0,0,1,1,4,35.75,961.4,45.83),
("0749-IRGQE",0,1,1,0,13,0,2,1,0,0,0,0,1,1,1,0,3,45.3,528.45,22.73),
("0428-AXXLJ",1,0,0,0,25,1,0,0,2,2,2,2,2,2,2,1,2,19.5,516.3,89.8),
("7811-JIVPF",0,0,0,0,23,1,0,1,0,0,1,0,0,0,1,0,1,49.7,1081.25,16.3),
("8718-PTMEZ",0,0,0,0,13,0,2,1,0,1,0,0,0,0,1,1,3,31.05,347.25,35.99),
("5542-NKVRU",0,0,0,0,42,1,0,0,2,2,2,2,2,2,3,1,2,20.75,844.45,24.63),
("8573-JGCZW",1,0,0,0,17,1,0,0,2,2,2,2,2,2,2,1,2,19.65,351.55,47.97),
("9769-TSBZE",0,0,0,1,70,1,1,1,1,1,0,1,0,0,3,0,3,66,4891.5,4.54),
("2330-PQGDQ",1,0,1,1,51,1,1,2,0,1,0,1,0,0,2,0,2,84.2,4299.75,78.12),
("4701-LKOZD",0,0,0,0,70,1,1,1,1,1,1,1,1,1,3,0,1,89.75,6367.2,20.51),
("3727-RJMEO",1,0,1,0,6,1,1,2,0,0,0,0,1,0,1,1,3,82.85,460.25,43.73),
("9867-NNXLC",0,0,0,0,22,1,0,0,2,2,2,2,2,2,1,1,4,20.05,470.2,41.23),
("9359-JANWS",0,0,1,0,65,1,0,1,1,0,1,1,0,0,3,0,1,58.9,3857.1,87.79),
("9753-OYLBX",0,0,0,0,1,1,0,0,2,2,2,2,2,2,1,0,4,20.5,20.5,69.84),
("5248-YGIJN",1,0,1,0,72,1,1,1,1,1,1,1,1,1,3,1,1,90.25,6369.45,6.43),
("9053-EJUNL",1,0,0,0,41,1,1,2,0,1,0,0,1,0,1,1,3,89.2,3645.75,37.1),
("8644-XLFBW",1,1,0,0,1,1,0,2,0,0,0,0,0,0,1,1,3,71.65,71.65,33.74),
("0673-IGUQO",1,0,0,0,1,1,0,0,2,2,2,2,2,2,1,0,4,20.45,20.45,57.95),
("3428-MMGUB",1,0,0,0,60,1,1,2,0,0,1,0,1,0,3,1,3,89.55,5231.2,28.55),
("3001-UNBTL",1,1,1,1,29,1,1,2,0,0,1,0,1,1,1,1,3,103.95,2964.8,99.46),
("3866-MDTUB",0,0,0,0,2,1,0,1,1,0,0,0,1,1,1,1,3,70.75,146.9,31.9),
("4724-WXVWF",1,0,0,0,48,1,1,2,1,0,0,1,0,1,1,1,3,95.4,4445.3,81.51),
("6789-HJBWG",0,0,0,0,12,1,0,1,0,1,0,0,0,0,1,1,3,49.4,611.65,68.5),
("5186-EJEGL",1,0,0,0,9,1,0,1,1,0,1,1,1,0,1,1,4,69.5,653.25,20.69),
("0311-UNPFF",0,0,0,0,26,1,0,2,0,0,0,0,1,1,1,1,2,88.8,2274.35,28.98),
("2040-LDIWQ",1,0,1,1,65,1,1,1,0,1,1,1,1,1,3,1,2,84.2,5324.5,23.64),
("1587-FKLZB",1,1,1,1,66,1,1,2,0,0,1,0,1,1,1,1,1,99.5,6822.15,93.28),
("3351-NQLDI",0,0,1,1,67,1,1,2,1,0,0,1,0,1,2,1,1,94.35,6341.45,21.74),
("5143-EGQFK",0,1,0,0,10,0,2,1,0,0,0,1,0,0,1,1,3,29.65,291.4,21.67),
("9052-VKDUW",0,1,1,0,65,1,1,2,1,1,1,0,1,1,1,1,1,109.4,7227.45,16.81),
("3508-CFVZL",0,0,0,0,71,1,1,2,1,1,1,1,1,1,3,0,4,111.3,7985.9,36.59),
("0270-THENM",1,0,1,1,72,1,1,1,1,1,1,1,0,0,3,0,2,69.85,5102.35,41.59),
("6481-OGDOO",1,0,1,0,67,1,0,2,1,1,0,0,0,1,2,1,1,90.6,6056.15,40.23),
("0407-BDJKB",1,0,1,0,60,1,1,2,0,1,1,0,1,0,1,1,3,95.75,5742.9,60.27),
("6736-DHUQI",0,0,1,1,67,1,0,2,1,1,1,0,0,0,2,0,2,84.8,5598.3,38.71),
("8465-SBRXP",1,0,1,1,38,1,1,2,0,0,1,1,1,0,3,1,2,94.9,3616.25,79.13),
("2794-XIMMO",1,0,1,0,53,0,2,1,0,1,1,1,1,1,2,1,3,60.45,3184.25,16.73),
("7134-MJPDY",0,1,0,0,66,1,1,2,0,0,1,1,1,1,2,1,1,102.85,6976.75,92.28),
("4742-DRORA",1,0,1,1,60,1,1,2,1,0,1,0,1,0,2,1,2,95.4,5812,3.55),
("1142-IHLOO",0,0,0,0,51,1,0,2,0,0,0,0,1,1,2,0,1,87.55,4475.9,83.66),
("7140-ADSMJ",1,0,0,0,8,1,0,0,2,2,2,2,2,2,1,1,1,20.45,162.3,90.32),
("9435-JMLSX",1,0,1,0,71,1,0,1,1,1,1,1,1,1,3,1,2,86.1,6045.9,24.13),
("2432-TFSMK",1,0,0,0,18,1,1,2,0,0,1,0,1,0,2,1,1,89.6,1633,72.18),
("0754-EEBDC",1,0,1,1,4,1,0,0,2,2,2,2,2,2,3,0,4,19.9,76.65,1.4),
("8984-EYLLL",1,0,1,0,64,1,1,2,0,1,0,1,1,1,3,1,3,105.25,6823.4,25.02),
("5574-NXZIU",1,0,0,0,63,1,0,2,1,1,1,1,1,1,3,0,1,109.2,7049.75,67.41),
("3253-HKOKL",0,0,1,1,52,1,0,2,1,0,1,0,1,1,2,0,3,100.3,5244.45,53.0),
("6872-HXFNF",0,0,1,0,64,1,1,1,0,0,1,1,0,0,2,0,2,58.35,3756.45,54.09),
("1074-AMIOH",0,0,1,1,53,1,0,2,0,1,1,1,1,1,1,1,2,108.25,5935.1,15.87),
("4958-XCBDQ",1,1,0,0,35,1,1,2,0,0,1,0,1,1,1,1,3,101.4,3496.3,9.91),
("1699-TLDLZ",0,0,1,1,16,1,0,0,2,2,2,2,2,2,3,0,4,19.7,301.55,94.77),
("0661-WCQNQ",1,0,1,0,22,1,0,1,1,0,0,1,0,0,2,1,1,56.25,1292.2,25.25),
("3932-IJWDZ",1,0,0,0,45,1,1,2,0,0,1,1,1,1,1,1,2,103.65,4747.85,31.63),
("2568-OIADY",0,0,1,0,37,1,1,2,0,0,1,0,1,1,1,1,3,99.5,3762,18.83),
("1085-LDWAM",0,0,1,1,69,1,0,0,2,2,2,2,2,2,2,1,1,20.35,1442.65,92.98),
("9909-DFRJA",0,0,0,0,26,1,0,2,1,0,1,1,0,1,2,1,2,95.85,2475.35,70.88),
("9940-HPQPG",0,0,1,0,9,1,1,2,1,1,1,0,0,0,1,0,2,91.75,865.8,67.04),
("2672-HUYVI",0,0,0,0,6,1,0,2,0,0,0,0,1,1,1,1,3,91.1,455.3,99.98),
("7673-BQGKU",0,0,1,1,69,1,0,0,2,2,2,2,2,2,3,0,2,20.15,1337.5,52.68),
("0027-KWYKW",0,0,1,1,23,1,1,2,0,0,0,0,1,0,1,1,3,83.75,1849.95,60.98),
("3658-QQJYD",1,0,0,0,62,1,0,1,1,1,0,0,1,1,2,1,1,74.3,4698.05,43.16),
("6773-LQTVT",0,1,1,1,29,0,2,1,0,1,1,0,0,0,1,1,4,35.65,1025.15,85.7),
("3988-RQIXO",0,1,0,0,1,1,0,2,0,0,0,0,1,1,1,1,3,91.3,91.3,80.95),
("5124-EOGYE",1,0,0,0,31,1,0,0,2,2,2,2,2,2,3,0,4,20.45,638.55,43.55),
("7465-ZZRVX",1,0,0,0,1,1,0,2,0,0,0,0,0,0,1,1,3,70.35,70.35,52.56),
("5650-VDUDS",0,0,0,0,4,0,2,1,0,0,0,0,0,0,1,1,4,24.25,96.05,14.11),
("4134-BSXLX",1,0,1,0,28,1,0,1,1,1,0,1,0,0,1,0,4,60.9,1785.65,89.73),
("6121-VZNQB",0,0,0,0,1,1,0,0,2,2,2,2,2,2,1,1,4,19.1,19.1,54.13),
("2911-UREFD",0,0,1,0,39,0,2,1,1,0,1,0,1,1,1,0,3,55.9,2184.35,7.45),
("3249-VHRIP",0,0,0,0,62,0,2,1,0,1,1,0,0,1,3,1,1,43.6,2748.7,43.49),
("5777-ZPQNC",0,0,0,0,12,1,0,0,2,2,2,2,2,2,2,0,3,20.15,260.7,67.17),
("4137-JOPHL",0,0,0,0,50,1,0,2,0,0,1,1,0,1,3,1,2,89.7,4304.5,51.01),
("3948-KXDUF",1,0,0,0,66,1,1,1,1,1,1,1,0,0,3,0,2,68.75,4447.55,33.98),
("9919-KNPOO",0,0,1,0,21,1,1,2,0,0,0,0,1,1,1,1,3,94.3,1948.35,9.87),
("8559-WNQZS",1,0,0,0,1,1,0,0,2,2,2,2,2,2,3,0,4,20.45,20.45,24.96),
("4211-MMAZN",1,0,0,0,1,1,0,0,2,2,2,2,2,2,1,0,4,20.25,20.25,22.69),
("7083-YNSKY",0,0,0,0,15,1,1,0,2,2,2,2,2,2,1,1,1,25.4,399.6,7.49),
("2984-AFWNC",0,0,0,0,3,1,0,2,0,1,0,0,1,1,1,0,3,95.4,293.15,33.61),
("3865-ZFZIB",1,0,0,0,19,1,0,0,2,2,2,2,2,2,3,0,4,19.65,358.15,73.13),
("4662-EKDPQ",1,0,0,0,2,1,1,1,0,0,0,0,0,1,1,0,2,62.05,118.3,31.87),
("0215-BQKGS",1,0,0,0,30,1,0,2,1,1,1,0,0,0,1,1,1,84.3,2438.6,59.38),
("3927-NLNRY",1,0,1,0,53,1,0,2,0,1,0,0,1,1,2,1,2,94.25,4867.95,25.65),
("3799-ISUZQ",1,0,1,1,7,1,0,2,0,0,0,0,0,0,1,1,2,69.95,529.5,64.13),
("5501-TVMGM",1,0,0,0,1,1,0,1,0,0,0,0,0,1,1,1,3,55.25,55.25,36.26),
("6010-DDPPW",1,0,1,0,70,1,1,0,2,2,2,2,2,2,3,0,2,25.15,1940.85,42.6),
("4424-TKOPW",1,1,0,0,2,1,1,2,0,0,0,0,1,1,1,1,3,93.85,196.75,17.57),
("1385-TQOZW",0,0,0,0,9,1,0,0,2,2,2,2,2,2,1,1,1,20.45,147.55,47.84),
("6732-FZUGP",0,0,0,0,47,1,1,2,1,0,1,0,1,0,2,0,1,94.9,4615.25,71.77),
("6481-LXPWL",1,0,1,1,56,0,2,1,0,1,1,0,0,0,2,1,1,36.1,1971.5,31.85),
("9795-SHUHB",0,0,1,1,66,1,0,1,1,1,0,1,0,0,3,1,1,58.2,3810.8,53.77),
("0871-OPBXW",0,0,0,0,2,1,0,0,2,2,2,2,2,2,1,1,4,20.05,39.25,87.61),
("1472-TNCWL",1,0,0,1,36,1,0,2,0,1,0,0,1,1,1,1,3,94.7,3512.5,68.07),
("3908-BLSYF",0,0,0,0,6,1,0,2,0,0,1,0,0,1,1,0,3,83.9,497.55,90.48),
("2043-WVTQJ",1,0,1,0,1,1,0,1,1,0,1,0,0,0,1,0,4,55.7,55.7,55.5),
("4143-OOBWZ",1,0,1,0,5,1,1,2,0,1,0,0,0,0,1,1,3,81.3,416.3,47.37),
("4550-EVXNY",0,0,0,1,1,1,0,2,0,0,0,0,0,0,1,1,3,69.65,69.65,35.9),
("4488-PSYCG",1,0,0,0,16,1,0,0,2,2,2,2,2,2,1,0,2,20.25,327.45,66.29),
("6567-HOOPW",0,1,0,0,1,1,0,2,0,0,0,0,1,0,1,1,3,79.2,79.2,6.59),
("6131-JLWZM",0,0,0,0,13,1,0,0,2,2,2,2,2,2,1,1,4,20.3,275.4,2.18),
("9578-VRMNM",0,0,0,0,16,1,1,1,0,0,1,0,0,1,1,1,1,65.2,1043.35,92.15),
("8849-AYPTR",1,0,1,0,33,1,0,2,0,0,0,0,1,1,1,0,3,91.25,2964.05,89.72),
("2676-ISHSF",1,0,0,0,1,1,0,0,2,2,2,2,2,2,1,0,4,20.3,20.3,76.51),
("6218-KNUBD",1,0,0,0,6,1,0,1,0,1,0,0,1,0,1,0,3,59.45,357.6,68.7),
("0562-HKHML",1,0,1,1,71,1,1,0,2,2,2,2,2,2,3,0,1,23.9,1626.4,19.74),
("2754-XBHTB",0,0,0,0,9,1,0,2,0,0,0,0,1,0,1,1,2,77.65,714.15,1.27),
("9624-EGDEQ",0,0,0,0,37,1,0,0,2,2,2,2,2,2,3,0,4,19.8,813.3,31.45),
("5960-MVTUK",1,0,0,0,3,0,2,1,0,0,0,1,0,0,1,1,3,29.75,96.85,38.28),
("3855-ONCAR",0,0,1,1,4,1,0,2,0,0,0,0,1,0,1,1,4,78.9,299.75,7.68),
("5149-QYTTU",0,0,1,1,71,1,1,2,1,1,1,1,0,0,2,1,1,95.15,6770.85,59.28),
("8873-TMKGR",1,0,0,0,29,1,0,0,2,2,2,2,2,2,2,0,4,19.1,529.5,45.78),
("7968-QUXNS",1,0,0,0,6,1,0,0,2,2,2,2,2,2,1,0,4,18.95,110.15,39.06),
("1353-GHZOS",1,0,1,0,22,1,0,1,1,0,0,0,1,0,2,1,2,59.75,1374.35,92.7),
("8295-KMENE",0,0,1,1,59,1,1,1,1,0,1,1,1,0,3,1,4,76.45,4519.5,31.42),
("9793-WECQC",1,0,0,0,23,1,0,2,0,1,0,0,1,1,1,0,4,95.3,2192.9,93.87),
("5555-RNPGT",1,0,0,1,10,1,1,0,2,2,2,2,2,2,1,0,1,24.8,223.9,0.62),
("6861-XWTWQ",1,1,1,0,7,1,1,2,0,0,1,0,1,1,1,1,3,99.25,665.45,44.61),
("0164-APGRB",0,0,0,0,72,1,1,2,1,1,1,1,1,1,3,1,3,114.9,8496.7,66.51),
("6260-XLACS",1,0,0,0,4,1,0,0,2,2,2,2,2,2,2,0,4,19.7,117.8,58.55),
("5372-FBKBN",0,0,0,1,21,1,0,0,2,2,2,2,2,2,1,0,4,20.75,452.2,55.99),
("9830-ECLEN",1,0,1,1,58,0,2,1,1,1,1,0,1,0,2,0,4,50,2919.85,23.03),
("7572-KPVKK",1,0,0,1,62,1,1,2,0,0,1,1,1,1,3,1,3,104.05,6590.5,89.85),
("1839-UMACK",1,0,0,0,42,1,1,0,2,2,2,2,2,2,2,0,3,25.05,949.85,2.13),
("2831-EBWRN",1,0,0,0,4,1,0,1,0,0,0,0,0,0,1,1,3,45.9,199.75,9.82),
("2320-TZRRH",0,0,0,0,20,1,0,0,2,2,2,2,2,2,2,0,4,19.5,403.15,84.55),
("7868-BGSZA",1,0,1,0,43,1,1,1,1,0,1,0,1,1,2,1,3,80.2,3581.6,6.22),
("4525-VZCZG",1,0,0,1,54,1,0,2,1,1,0,1,1,1,2,1,3,105.85,5826.65,76.17),
("8328-SKJNO",1,0,0,1,23,0,2,1,1,1,0,1,0,0,2,0,2,40.65,947.4,16.15),
("4121-AGSIN",0,0,1,1,58,1,1,0,2,2,2,2,2,2,2,1,1,24.5,1497.9,44.04),
("4183-WCSEP",1,0,0,0,31,1,0,2,0,1,0,1,0,0,1,1,3,78.45,2435.15,58.35),
("5897-ZYEKH",0,1,1,0,67,1,1,2,1,1,0,0,1,1,2,1,3,105.6,7112.15,22.69),
("7136-RVDTZ",1,1,0,0,70,0,2,1,0,0,0,0,1,1,2,1,3,45.25,3264.45,5.64),
("2826-UWHIS",1,0,1,0,45,1,1,2,0,1,0,0,0,0,1,0,2,81.4,3775.85,7.7),
("5846-ABOBJ",1,0,1,0,71,1,1,0,2,2,2,2,2,2,3,0,2,24.45,1730.65,34.85),
("7956-XQWGU",1,0,0,0,27,1,0,0,2,2,2,2,2,2,1,1,1,19.4,460.25,11.91),
("1231-YNDEK",1,0,0,0,58,1,0,0,2,2,2,2,2,2,3,1,2,19.15,1035.5,85.08),
("7049-GKVZY",0,0,0,0,17,1,0,1,1,1,0,1,1,1,2,0,1,79.85,1387.35,9.2),
("3398-GCPMU",0,1,1,1,72,1,1,1,1,1,1,1,1,1,3,1,1,89.55,6448.85,46.92),
("6856-RAURS",0,0,0,0,2,1,1,2,0,0,0,0,0,0,1,1,4,74.9,136.05,33.5),
("2999-AANRQ",0,0,0,0,21,1,0,1,1,1,0,1,1,0,3,0,1,71.05,1524.85,39.09),
("9577-WJVCQ",0,0,0,0,68,1,1,1,1,0,0,0,0,0,1,0,4,54.45,3687.75,85.19),
("5442-BHQNG",0,0,0,0,2,1,0,2,0,0,0,0,0,0,1,0,3,70.35,139.25,79.72),
("7173-TETGO",0,1,1,0,72,1,1,2,1,0,0,0,0,0,3,0,2,78.5,5602.25,62.09),
("2277-VWCNI",0,1,0,0,4,1,1,1,0,0,0,0,0,0,1,0,4,48.75,179.85,43.32),
("1000-AJSLD",1,0,0,0,1,1,0,0,2,2,2,2,2,2,1,1,4,20.1,20.1,9.17),
("8456-QDAVC",1,0,0,0,19,1,0,2,0,0,0,0,1,0,1,1,2,78.7,1495.1,29.15),
("4922-CVPDX",0,0,1,0,26,1,0,1,0,1,1,0,1,1,3,1,1,73.5,1905.7,22.5),
("7954-MLBUN",1,0,0,0,31,1,0,2,0,0,1,1,1,1,3,0,2,99.45,3109.9,75.02),
("6631-HMANX",1,0,1,0,72,1,1,1,0,1,1,1,1,1,3,1,1,85.45,6227.5,76.59),
("8647-SDTWQ",1,0,1,1,57,1,1,2,0,0,0,0,0,0,1,1,3,74.3,4018.35,36.65),
("1032-MAELW",0,0,1,1,68,1,1,1,1,1,1,1,0,1,2,1,3,78.45,5333.35,32.2),
("3339-EAQNV",1,1,1,0,72,1,1,2,0,1,0,0,1,1,2,1,1,97.25,7133.1,89.69),
("1436-ZMJAN",0,0,1,0,10,1,0,1,0,0,1,0,1,1,1,1,1,67.8,653.15,70.44),
("8740-XLHDR",1,0,0,0,5,0,2,1,1,1,1,1,0,0,1,1,4,43.25,219,50.47),
("7590-VHVEG",0,0,1,0,1,0,2,1,0,1,0,0,0,0,1,1,3,29.85,29.85,1.27),
("8905-IAZPF",0,0,1,0,69,1,0,2,0,1,0,0,1,1,2,1,1,95.65,6744.2,75.27),
("3352-RICWQ",0,0,1,1,9,1,0,0,2,2,2,2,2,2,3,0,4,19.75,210.65,66.38),
("3393-FMZPV",0,0,0,0,25,1,1,2,0,1,0,0,1,1,1,1,3,100.25,2387.75,86.96),
("7503-MIOGA",0,1,1,0,72,1,1,1,1,1,1,1,1,1,3,1,2,89.85,6697.35,27.98),
("1755-FZQEC",1,0,0,0,39,1,0,0,2,2,2,2,2,2,2,0,4,19.9,791.15,27.9),
("5995-SNNEW",1,1,1,0,23,1,1,2,0,1,1,0,1,1,1,1,3,104.45,2184.85,81.7),
("2085-BOJKI",1,0,1,0,17,1,0,2,0,0,1,0,1,1,2,1,2,96.65,1588.25,12.94),
("3346-BRMIS",0,1,1,0,18,0,2,1,0,0,1,0,1,1,1,1,3,48.35,810.7,30.71),
("1977-STDKI",0,1,0,0,1,1,0,2,0,1,0,0,0,0,1,1,3,73,73,85.31),
("2919-HBCJO",0,0,0,0,4,1,0,2,0,1,0,0,0,0,1,1,2,76.65,333.6,4.63),
("3396-DKDEL",0,0,1,1,70,1,1,2,1,1,1,1,1,1,3,1,1,115.15,8250,37.41),
("8713-IGZSO",1,0,0,0,2,1,1,0,2,2,2,2,2,2,1,0,4,24.85,62,87.23),
("4952-YSOGZ",0,0,1,1,4,1,1,2,0,0,0,0,0,1,1,1,3,85.95,381.3,6.49),
("9906-NHHVC",0,1,0,0,65,0,2,1,0,1,1,0,1,1,3,1,2,53.5,3517.9,53.45),
("5949-HGVJL",0,0,1,0,26,1,0,1,0,1,0,1,1,1,1,1,3,73.05,1959.5,53.48),
("9225-BZLNZ",1,0,1,0,72,1,1,1,1,1,1,0,1,1,3,1,3,85.25,6083.1,41.44),
("9114-AAFQH",0,0,1,0,48,1,0,1,0,1,1,0,0,1,2,1,3,65.65,3094.65,62.18),
("2824-DXNKN",0,0,1,1,72,1,1,1,1,0,1,0,1,0,3,1,2,71.45,5025.85,68.88),
("1178-PZGAB",0,0,0,0,19,1,0,0,2,2,2,2,2,2,2,0,1,20.25,383.65,58.81),
("0727-BMPLR",0,1,0,0,55,1,1,2,0,0,1,0,1,1,2,1,3,100,5509.3,85.43),
("2229-DPMBI",0,0,1,1,8,1,0,0,2,2,2,2,2,2,3,0,4,19.5,162.15,23.98),
("0512-FLFDW",0,1,1,0,60,1,1,2,0,0,1,0,1,1,2,1,1,100.5,6029,28.61),
("7503-EPSZW",0,0,1,1,64,1,1,0,2,2,2,2,2,2,3,1,4,24.05,1559.15,7.41),
("7693-QPEFS",1,1,0,0,52,1,1,2,0,0,0,0,0,0,1,1,2,72.95,3829.75,65.24),
("1428-GTBJJ",1,0,0,0,11,1,0,2,0,1,0,0,0,0,1,1,3,74.55,824.75,31.9),
("0318-ZOPWS",0,0,1,0,49,1,0,0,2,2,2,2,2,2,3,1,2,20.15,973.35,36.66),
("6227-FBDXH",1,0,1,0,69,1,1,2,0,0,1,0,1,1,2,0,2,99.5,6841.45,4.23),
("8270-RKSAP",1,0,0,0,9,1,0,2,0,0,0,0,0,0,1,1,3,70.5,597.9,51.5),
("7480-QNVZJ",1,1,0,0,50,1,1,2,0,0,0,0,1,1,1,1,3,95.7,4816.7,91.71),
("7969-FFOWG",1,0,1,1,65,1,0,0,2,2,2,2,2,2,3,0,4,19.9,1292.6,0.67),
("6087-MVHJH",0,0,0,0,16,1,1,2,0,0,1,0,0,1,1,1,3,88.45,1422.1,4.15),
("2369-UAPKZ",1,0,0,0,5,1,1,2,0,1,1,0,1,1,1,0,4,104.1,541.9,63.33),
("0098-BOWSO",1,0,0,0,27,1,0,0,2,2,2,2,2,2,1,1,3,19.4,529.8,3.09),
("9272-LSVYH",1,0,0,0,10,1,0,2,0,0,0,0,0,0,1,0,4,70.15,735.5,0.04),
("4572-DVCGN",0,0,0,0,10,1,0,2,0,0,0,0,0,1,1,1,2,80.25,846,64.02),
("3551-HUAZH",1,1,0,0,1,1,1,2,0,0,0,0,0,0,1,1,3,74.4,74.4,69.48),
("6689-TCZHQ",0,1,0,0,5,1,0,2,0,0,0,0,0,1,1,0,3,78.95,378.4,58.25),
("1265-ZFOSD",0,0,1,0,64,1,1,1,1,1,1,1,0,1,3,1,4,81.3,5129.3,11.84),
("9964-WBQDJ",0,0,1,0,71,1,1,0,2,2,2,2,2,2,3,1,1,24.4,1725.4,30.91),
("3858-XHYJO",0,0,1,0,40,1,1,2,1,0,1,0,1,1,2,0,2,105.75,4228.55,53.26),
("7693-LCKZL",1,0,1,1,5,1,1,2,0,1,0,0,0,0,1,1,3,80.15,385,35.68),
("3692-JHONH",0,1,1,0,52,1,1,2,0,1,1,0,1,1,2,1,3,106.5,5621.85,36.88),
("4390-KYULV",1,0,1,0,3,1,0,0,2,2,2,2,2,2,1,1,1,20.55,51.15,38.98),
("1760-CAZHT",1,0,0,1,25,1,0,0,2,2,2,2,2,2,1,0,4,20.8,460.2,61.69),
("3067-SVMTC",0,0,1,0,68,1,0,1,1,0,0,1,0,0,2,0,2,55.9,3848.8,75.1),
("8550-XSXUQ",1,0,1,0,48,1,1,1,0,1,1,0,0,1,2,1,1,70.55,3420.5,92.48),
("5151-HQRDG",1,0,1,0,37,1,1,1,1,0,0,0,0,0,1,1,4,55.05,2030.75,16.27),
("5820-PTRYM",0,1,1,0,56,1,1,1,1,1,1,1,0,0,2,1,1,68.45,4014,7.18),
("6024-RUGGH",1,0,1,1,72,1,1,0,2,2,2,2,2,2,3,1,2,25.2,1798.9,48.36),
("7880-XSOJX",1,0,0,0,4,0,2,1,1,1,0,1,0,0,1,0,4,42.4,146.4,75.32),
("5129-HHMZC",0,0,1,0,43,1,1,1,1,1,0,1,1,1,3,0,1,86.45,3574.5,69.64),
("7831-QGOXH",0,0,0,0,18,1,1,2,0,0,0,0,1,0,1,1,3,85.2,1553.9,89.51),
("5204-HMGYF",0,0,1,1,49,1,0,1,1,1,1,1,1,1,2,1,4,87.2,4345,87.88),
("2957-JIRMN",0,1,0,0,62,1,1,2,0,0,0,0,1,0,2,0,3,84.45,4959.15,60.92),
("6235-VDHOM",0,1,0,0,5,0,2,1,0,1,0,0,0,0,1,0,3,28.45,131.05,61.59),
("0402-OAMEN",0,0,1,1,72,1,1,0,2,2,2,2,2,2,3,0,2,24.45,1709.1,54.28),
("3642-BYHDO",0,0,1,1,71,1,0,0,2,2,2,2,2,2,3,0,2,19.9,1389.35,42.46),
("9489-DEDVP",0,0,1,1,70,1,1,1,1,1,0,0,1,0,3,1,1,69.2,4872.35,35.13),
("0336-KXKFK",1,0,0,0,72,0,2,1,1,0,1,1,1,1,3,1,1,61.2,4390.25,45.21),
("5542-TBBWB",1,0,0,0,1,1,0,2,0,0,0,0,0,0,1,1,3,69.9,69.9,12.39),
("7254-IQWOZ",1,0,0,0,1,1,0,2,0,0,0,0,0,0,1,1,3,69.65,69.65,2.37),
("6369-MCAKO",0,0,1,1,68,1,1,1,1,1,1,1,1,1,3,1,2,89.05,6185.8,83.47),
("6810-VCAEX",0,0,0,0,47,0,2,1,1,1,0,1,0,0,2,0,1,39.65,1798.65,99.18),
("5339-TJFEK",1,0,1,1,62,1,1,2,1,1,0,0,1,1,1,1,3,105.5,6487.2,42.38),
("5842-POCOP",0,0,1,0,5,1,0,2,1,0,1,0,0,1,1,1,4,88.9,454.15,33.36),
("2380-DAMQP",0,0,1,0,72,1,1,2,1,1,1,1,1,1,3,0,3,115.15,8349.7,53.65),
("3374-LXDEV",0,0,0,0,13,1,1,2,0,1,1,1,0,0,1,0,3,89.4,1132.35,12.2),
("0137-UDEUO",0,0,0,0,3,1,0,0,2,2,2,2,2,2,1,0,4,19.85,63.75,99.22),
("0392-BZIUW",0,0,1,0,72,1,1,2,1,0,1,0,1,1,3,1,1,105,7589.8,78.96),
("1403-GYAFU",1,0,1,1,70,1,0,0,2,2,2,2,2,2,3,0,1,20.05,1360.25,97.37),
("7928-VJYAB",1,0,1,1,11,1,0,2,0,0,0,0,1,1,1,0,3,90.6,1020.2,44.3),
("5126-RCXYW",1,0,1,1,54,0,2,1,0,0,1,1,0,1,3,0,1,46,2424.05,28.74),
("8100-HZZLJ",0,0,0,1,43,1,0,1,1,1,0,0,0,1,1,1,3,63.95,2737.05,93.26),
("6629-CZTTH",1,0,0,0,1,1,0,1,0,0,0,0,0,1,1,1,4,55.7,55.7,11.27),
("3181-VTHOE",1,0,1,0,70,0,2,1,0,1,1,1,0,1,2,1,2,51.05,3635.15,83.82),
("1937-OTUKY",0,0,1,0,72,1,1,2,1,0,1,1,1,0,3,1,2,98.2,7015.9,37.4),
("6892-BOGQE",0,0,1,0,71,1,0,0,2,2,2,2,2,2,3,1,2,20.9,1493.2,7.62),
("0384-RVBPI",1,0,0,0,20,1,0,1,1,0,1,0,0,1,1,0,1,64.4,1398.6,59.91),
("9747-DDZOS",0,0,0,0,1,1,0,2,0,0,1,0,0,0,1,0,2,73.5,73.5,84.19),
("1075-BGWOH",1,1,1,0,16,1,1,2,0,0,1,0,1,1,1,1,3,98.75,1587.55,91.5),
("3473-XIIIT",0,0,1,0,16,1,1,2,0,1,0,0,1,1,1,1,3,100,1534.75,24.73),
("8874-EJNSR",1,0,1,1,39,1,1,0,2,2,2,2,2,2,3,0,4,25.2,987.95,66.18),
("9039-RBEEE",1,0,0,0,39,0,2,1,1,1,0,1,1,0,1,1,1,48.95,1880.85,78.41),
("8778-LMWTJ",0,0,0,0,9,1,0,2,1,0,0,0,0,0,1,1,3,74.85,708.2,22.4),
("9795-NREXC",0,0,1,0,64,1,1,1,1,0,1,1,1,1,3,1,1,85,5484.4,82.99),
("8630-QSGXK",1,0,1,0,51,1,1,1,0,0,0,1,1,1,3,1,2,75.2,3901.25,10.7),
("5443-SCMKX",0,0,1,0,58,1,1,2,0,1,1,0,0,1,2,1,3,94.3,5610.15,75.01),
("4486-EFAEB",1,0,0,0,13,1,0,0,2,2,2,2,2,2,1,1,3,20.4,251.65,91.92),
("8444-WRIDW",0,1,0,0,66,1,1,2,0,1,0,0,0,0,1,1,1,80.45,5224.35,27.4),
("7339-POGZN",0,0,0,0,4,1,1,1,0,0,0,0,0,0,1,0,3,50.7,214.55,33.34),
("5067-XJQFU",1,1,1,1,66,1,1,2,0,1,1,1,1,1,2,1,3,108.45,7076.35,69.35),
("3640-PHQXK",0,0,0,0,31,1,1,2,0,0,1,0,0,1,1,1,3,89.9,2806.9,95.81),
("0018-NYROU",0,0,1,0,5,1,0,2,0,0,0,0,0,0,1,1,3,68.95,351.5,65.89),
("5732-IKGQH",1,1,1,0,52,1,0,2,1,0,1,1,1,1,2,1,2,104.45,5481.25,28.6),
("4057-FKCZK",1,0,1,1,58,1,1,2,0,0,0,0,1,0,3,0,2,82.5,4828.05,70.76),
("3410-MHHUM",0,0,1,1,44,1,1,2,0,1,1,0,0,1,2,0,3,94.4,4295.35,0.91),
("5712-PTIWW",1,0,0,0,2,1,0,2,0,0,1,1,0,0,1,1,3,79.85,152.45,40.31),
("4659-NZRUF",0,0,0,0,19,1,1,2,1,1,0,0,0,1,1,1,3,95.15,1789.25,88.03),
("0678-RLHVP",0,0,0,0,53,1,1,2,0,1,1,0,1,1,3,0,3,105.55,5682.25,3.68),
("8309-PPCED",0,0,1,0,72,1,1,2,0,1,1,1,1,1,3,1,2,110.45,7982.5,90.11),
("1474-JUWSM",0,0,1,0,58,1,1,1,1,0,0,1,0,1,2,1,3,68.4,3972.25,41.33),
("4282-ACRXS",1,1,1,0,38,0,2,1,0,0,0,0,0,0,1,1,3,24.85,955.75,31.49),
("8158-WPEZG",1,0,0,0,11,0,2,1,0,1,0,1,0,0,1,1,3,35.65,425.1,60.74),
("1696-MZVAU",1,0,1,1,39,0,2,1,0,0,0,0,0,0,2,1,1,25.25,947.75,18.97),
("4654-GGUII",0,0,0,0,18,0,2,1,1,1,0,1,0,0,2,1,4,40.2,711.95,57.32),
("2325-NBPZG",0,0,0,0,3,1,0,2,1,0,0,0,0,0,1,1,3,74.55,233.65,45.72),
("5879-SESNB",0,0,0,0,11,1,1,2,0,0,0,0,0,0,1,0,3,75.25,888.65,82.81),
("8347-GDTMP",0,0,1,0,64,1,0,0,2,2,2,2,2,2,3,0,1,19.45,1225.65,38.9),
("7133-VBDCG",0,0,0,0,25,1,0,2,1,1,0,0,0,0,1,1,2,79.85,2015.35,18.02),
("7346-MEDWM",0,0,0,0,59,1,1,2,0,1,1,0,0,0,1,1,3,83.25,4949.1,80.26),
("9544-PYPSJ",0,1,1,1,62,1,1,2,0,1,1,0,0,1,1,1,1,96.1,6019.35,80.38),
("8624-GIOUT",0,0,0,0,49,1,1,1,1,1,0,0,0,0,1,1,1,59.75,2934.3,90.37),
("4800-CZMPC",0,0,1,1,48,1,1,2,1,1,0,0,1,1,2,1,1,103.25,5037.55,53.07),
("9812-GHVRI",0,0,0,0,40,1,1,2,0,0,0,0,0,1,1,0,2,83.85,3532.25,81.66),
("4536-PLEQY",1,0,1,0,12,1,0,2,0,1,0,0,0,1,1,1,1,85.05,999.8,91.96),
("3796-ENZGF",1,0,1,0,63,1,1,1,0,1,0,1,0,1,3,0,4,67.25,4234.15,76.69),
("2506-CLAKW",0,0,0,0,6,1,0,2,1,1,1,1,0,1,1,1,2,98.15,567.45,77.58),
("0048-PIHNL",0,0,1,0,49,1,0,0,2,2,2,2,2,2,2,0,2,20.45,900.9,32.33),
("7641-EUYET",1,1,1,1,46,1,1,2,1,1,1,0,1,0,1,1,3,100.7,4541.2,45.5),
("2676-OXPPQ",1,0,0,0,6,1,0,1,1,1,0,0,0,0,1,1,2,55.7,335.65,39.58),
("4176-RELJR",1,1,0,0,67,1,1,0,2,2,2,2,2,2,3,0,1,25.1,1672.15,13.93),
("6351-SCJKT",1,0,0,0,3,0,2,1,1,0,1,1,0,0,1,0,4,41.35,107.25,40.63),
("6379-RXJRQ",1,0,1,0,10,1,0,2,0,0,0,0,0,0,1,1,3,70.1,659.65,98.08),
("8226-BXGES",1,0,1,0,64,1,1,2,1,1,1,0,0,0,2,0,2,89.45,5692.65,89.43),
("8084-OIVBS",0,0,0,0,11,1,0,0,2,2,2,2,2,2,2,0,4,20,211.95,85.89),
("3705-PSNGL",1,0,0,0,45,1,0,0,2,2,2,2,2,2,2,1,3,20.4,930.45,17.45),
("4522-XRWWI",1,0,1,0,42,1,1,1,1,0,0,1,1,1,2,0,1,80.45,3375.9,82.78),
("4811-JBUVU",1,0,0,0,30,1,1,2,0,0,0,1,0,1,1,1,1,89.9,2723.15,1.15),
("6959-UWKHF",1,0,0,0,1,1,0,1,0,0,0,0,0,0,1,1,3,42.9,42.9,44.3),
("0564-JJHGS",1,0,0,0,9,1,1,2,0,0,0,0,1,1,1,1,3,95.5,829.1,66.63),
("2560-QTSBS",0,0,1,1,72,1,1,0,2,2,2,2,2,2,2,1,2,23.3,1623.15,99.59),
("1229-RCALF",0,0,1,0,64,1,1,2,1,1,1,1,1,1,2,1,3,115,7396.15,64.19),
("8670-ERCJH",1,0,0,0,72,1,1,2,1,1,1,1,1,1,3,0,2,113.4,8164.1,37.84),
("5343-SGUBI",0,0,0,0,52,1,1,2,0,1,0,0,0,0,2,1,4,80.2,4297.6,40.0),
("3521-SYVOR",0,0,0,0,37,1,0,1,0,0,0,0,1,1,1,1,3,64.75,2345.2,30.98),
("8124-NZVGJ",0,0,0,0,6,0,2,1,0,0,0,1,1,1,2,1,4,49.25,255.6,58.47),
("8129-GMVGI",0,0,1,1,56,1,0,0,2,2,2,2,2,2,3,0,4,20.05,1090.1,56.18),
("0927-CNGRH",1,0,0,1,1,1,0,0,2,2,2,2,2,2,1,0,4,19.55,19.55,49.19),
("5233-GEEAX",1,1,0,0,8,0,2,1,0,0,1,0,0,0,1,1,3,29.4,221.9,56.67),
("9801-GDWGV",0,0,0,0,39,1,1,2,0,1,1,0,1,1,1,1,3,103.45,3994.45,8.77),
("9220-ZNKJI",0,1,1,0,55,1,0,2,0,0,1,1,1,0,3,0,1,88.8,4805.3,6.67),
("2882-WDTBA",1,0,1,1,69,1,0,1,1,1,1,1,1,0,3,1,2,75.75,5388.15,9.63),
("3793-MMFUH",0,1,0,0,13,1,1,2,0,0,0,0,1,1,1,1,3,95.05,1290,2.01),
("3247-ZVOUO",1,1,1,0,10,1,1,2,0,0,0,0,0,1,1,0,3,85.55,851.75,58.86),
("1666-JXLKU",0,0,0,0,37,1,1,2,0,0,1,0,1,1,1,1,3,100.05,3810.55,60.75),
("9489-JMTTN",0,0,1,1,72,1,1,1,1,1,1,1,1,1,3,0,1,89.75,6595.9,96.09),
("5956-VKDTT",0,1,1,0,5,1,1,2,0,0,0,0,0,0,1,1,3,74.35,334.8,0.14),
("3166-PNEOF",0,0,0,0,61,1,1,1,1,0,1,1,1,1,3,0,1,86.45,5175.3,34.62),
("0329-GTIAJ",0,0,0,0,3,1,0,2,0,1,0,1,1,1,1,1,3,97.9,315.3,50.4),
("1555-HAPSU",0,0,1,1,71,1,1,0,2,2,2,2,2,2,3,0,1,23.9,1663.5,47.01),
("4791-QRGMF",1,0,1,0,59,1,1,2,0,0,1,0,1,1,2,1,2,99.5,5961.1,39.28),
("4459-BBGHE",1,0,0,1,30,0,2,1,0,0,0,0,1,1,1,1,3,44.5,1307.8,20.43),
("8532-UEFWH",1,0,1,1,52,1,1,0,2,2,2,2,2,2,3,0,4,25.75,1345.85,29.17),
("8454-AATJP",0,0,0,0,72,1,1,2,1,1,1,1,1,1,3,0,1,115.05,8405,81.51),
("8213-TAZPM",0,0,1,1,69,1,1,2,0,1,1,1,1,1,2,1,2,108.75,7493.05,72.21),
("4822-YCXMX",1,0,0,0,25,1,1,2,0,0,0,0,0,1,1,1,3,84.8,2043.45,48.86),
("6569-KTMDU",0,0,0,0,1,1,0,0,2,2,2,2,2,2,1,0,4,19.1,19.1,60.5),
("6906-ANDWJ",1,0,1,1,15,1,1,2,0,0,0,0,0,0,1,1,2,74.9,1107.25,82.65),
("8058-INTPH",0,0,0,0,1,1,0,2,0,0,0,0,1,0,1,1,3,79.65,79.65,99.75),
("0121-SNYRK",1,0,0,0,50,0,2,1,1,0,0,1,0,0,2,1,4,35.4,1748.9,24.04),
("7203-OYKCT",1,0,0,0,72,1,1,2,0,1,1,0,1,1,2,1,3,104.95,7544.3,93.18),
("0909-SDHNU",0,0,0,1,7,0,2,1,1,0,0,0,0,0,1,0,4,29.8,201.95,63.7),
("2260-USTRB",0,1,0,0,2,1,0,2,0,0,0,0,0,0,1,1,2,70.2,115.95,25.08),
("7780-OTDSO",1,0,1,0,18,1,1,2,1,0,0,0,1,1,1,1,3,99.4,1742.95,29.89),
("5268-DSMNQ",0,1,1,0,62,1,1,2,0,1,1,0,1,0,2,1,1,97.95,5936.55,65.42),
("3511-APPBJ",1,0,0,0,23,1,0,2,1,0,1,0,1,1,2,1,1,99.95,2292.75,59.53),
("2468-SJFLM",1,0,0,0,1,1,0,2,0,0,0,1,0,0,1,1,4,74.3,74.3,71.92),
("7989-CHGTL",1,0,0,0,1,1,0,0,2,2,2,2,2,2,1,1,4,19.6,19.6,21.37),
("5140-FOMCQ",0,0,1,0,59,1,1,2,1,1,1,0,1,1,2,1,1,109.15,6557.75,10.98),
("4919-MOAVT",1,0,0,1,3,1,0,2,0,0,0,0,0,0,1,0,3,69.65,220.1,93.77),
("5220-AGAAX",1,0,1,1,68,1,1,0,2,2,2,2,2,2,3,1,2,24,1664.3,94.12),
("2428-ZMCTB",1,0,0,0,10,1,0,0,2,2,2,2,2,2,1,0,1,19.75,208.25,23.21),
("9256-JTBNZ",0,0,0,0,11,1,0,0,2,2,2,2,2,2,1,0,2,20.3,246.3,17.5),
("5003-OKNNK",0,0,1,1,15,1,0,0,2,2,2,2,2,2,2,0,1,20.35,335.95,26.13),
("8677-HDZEE",0,0,0,0,56,1,1,2,0,1,0,1,1,1,1,1,2,105.45,5916.95,20.86),
("3167-SNQPL",1,1,1,1,38,1,1,2,0,1,0,0,1,1,1,0,3,101.15,3741.85,5.68),
("0419-YAAPX",1,0,1,0,49,1,0,2,0,1,0,0,1,0,1,1,1,85.3,4297.95,53.46),
("0784-ZQJZX",1,0,0,1,72,1,0,0,2,2,2,2,2,2,3,0,1,19.9,1529.65,86.28),
("0219-QAERP",1,0,1,0,30,1,0,0,2,2,2,2,2,2,2,0,1,19.8,576.65,45.57),
("5442-XSDCW",1,0,1,1,11,1,0,2,0,0,0,0,1,0,1,1,2,79.5,868.5,59.57),
("7251-XFOIL",0,0,0,0,61,1,1,2,0,0,1,0,0,1,1,0,4,89.2,5500.6,49.25),
("7593-XFKDI",1,0,0,0,1,1,0,1,0,0,0,0,0,0,1,0,4,46.3,46.3,78.26),
("1725-MIMXW",1,0,0,1,1,1,0,0,2,2,2,2,2,2,1,1,4,19.45,19.45,82.25),
("6688-UZPWD",0,0,1,0,11,1,1,2,0,1,0,0,1,1,1,1,3,102,1145.35,3.88),
("7198-GLXTC",1,0,0,0,2,1,0,2,0,0,0,0,1,0,1,0,3,79,143.65,66.86),
("0667-NSRGI",0,0,1,0,48,1,1,1,0,0,1,1,0,1,2,1,4,69.55,3435.6,94.82),
("1087-GRUYI",1,0,1,0,38,1,0,0,2,2,2,2,2,2,3,0,2,20.4,743.5,44.32),
("5003-XZWWO",1,0,1,0,71,1,1,1,0,1,1,1,1,1,3,0,1,84.2,5956.85,65.68),
("8221-EQDGL",1,0,1,0,35,1,0,1,1,1,1,0,0,0,1,0,4,61,2130.45,39.73),
("0519-DRGTI",0,0,1,1,20,1,0,0,2,2,2,2,2,2,1,0,4,20.35,442.6,69.58),
("4018-PPNDW",0,0,1,1,61,1,1,0,2,2,2,2,2,2,3,1,4,24.1,1551.6,47.16),
("8665-UTDHZ",1,0,1,1,1,0,2,1,0,1,0,0,0,0,1,0,3,30.2,30.2,31.77),
("3845-JHAMY",0,0,1,1,16,0,2,1,0,0,0,0,0,1,1,1,1,35.5,552.7,60.2),
("6050-IJRHS",0,0,1,1,70,1,1,2,0,1,1,0,1,1,2,1,3,106.5,7397,46.52),
("1448-PWKYE",1,0,1,1,1,1,0,2,0,0,0,0,0,1,1,0,3,80,80,40.81),
("2419-FSORS",1,0,1,0,72,1,1,2,0,1,1,1,1,1,3,1,3,108.4,7719.5,10.46),
("7733-UDMTP",0,1,0,0,57,0,2,1,0,1,1,0,1,1,1,1,3,55,3094.05,27.21),
("9214-EKVXR",0,0,0,0,1,1,0,1,0,0,0,0,0,0,1,1,4,44,44,57.57),
("1179-INLAT",1,0,0,0,3,1,0,0,2,2,2,2,2,2,2,1,4,19.45,69.25,43.6),
("0023-UYUPN",0,1,1,0,50,1,1,0,2,2,2,2,2,2,2,0,3,25.2,1306.3,54.78),
("0479-HMSWA",0,0,0,1,26,1,0,2,0,1,1,1,1,1,3,1,3,105.45,2715.3,22.67),
("7901-TBKJX",1,1,0,0,56,1,1,2,0,0,1,0,1,1,1,1,3,101.05,5594,90.29),
("9469-WEJBT",1,0,1,0,37,1,0,2,0,0,1,1,0,1,1,1,3,90.35,3419.3,18.77),
("3164-YAXFY",1,0,0,0,57,0,2,1,1,0,1,0,1,1,1,1,3,53.75,3196,33.25),
("5027-QPKTE",1,0,1,0,7,1,0,2,0,0,0,0,0,0,1,1,3,69.35,451.1,67.92),
("4844-JJWUY",0,1,0,0,1,1,0,2,0,1,0,0,0,1,1,1,3,86,86,84.33),
("3945-GFWQL",0,0,0,1,12,1,0,1,0,0,0,0,0,0,1,1,3,44.55,480.6,37.91),
("4800-VHZKI",0,0,0,0,1,1,0,0,2,2,2,2,2,2,1,1,4,19.9,19.9,9.5),
("9134-CEQMF",1,1,1,0,7,1,0,2,0,0,0,0,1,1,1,1,3,89.5,676.7,90.64),
("0594-UFTUL",1,0,1,1,13,1,0,0,2,2,2,2,2,2,1,1,4,19.85,252,10.14),
("7714-YXSMB",0,0,0,0,26,1,1,2,0,0,1,0,1,1,1,1,2,100.5,2599.95,6.04),
("1934-SJVJK",1,0,0,0,1,1,0,0,2,2,2,2,2,2,1,0,4,20.15,20.15,53.75),
("8215-NGSPE",0,0,1,1,42,1,0,0,2,2,2,2,2,2,3,0,4,20,833.55,81.35),
("4770-UEZOX",1,0,0,0,2,1,0,2,0,1,0,0,0,0,1,1,3,74.75,144.8,52.54),
("0827-ITJPH",1,0,0,0,36,1,0,0,2,2,2,2,2,2,3,1,1,18.55,689,57.47),
("2737-YNGYW",0,0,0,0,2,1,0,2,0,0,0,0,0,1,1,0,3,80.55,184.1,84.54),
("7771-CFQRQ",0,0,1,1,47,1,0,1,0,1,0,1,0,1,3,0,2,63.8,3007.25,40.92),
("8512-WIWYV",1,0,0,0,32,1,0,0,2,2,2,2,2,2,2,0,1,20.35,707.5,94.97),
("7379-POKDZ",1,0,1,0,3,1,0,2,0,0,0,0,0,0,1,1,3,70.3,208.85,70.12),
("5512-IDZEI",1,0,1,1,46,1,1,0,2,2,2,2,2,2,2,0,3,24.9,1174.8,52.98),
("4184-VODJZ",1,0,1,1,63,1,1,2,0,1,0,0,0,1,2,1,3,91.35,5764.7,44.3),
("0581-MDMPW",0,0,0,0,24,1,1,2,0,0,1,0,1,0,1,1,1,88.95,2072.75,96.31),
("8648-PFRMP",0,1,0,0,14,0,2,1,0,0,0,0,1,1,1,1,3,46.35,672.7,95.79),
("4429-WYGFR",1,0,0,0,26,1,0,1,0,0,0,1,0,0,1,0,2,49.15,1237.3,73.4),
("3635-QQRQD",1,0,0,0,62,1,0,0,2,2,2,2,2,2,3,1,1,20.05,1201.65,87.3),
("4813-HQMGZ",0,0,1,0,8,1,1,2,0,0,0,1,0,1,1,1,3,90.25,743.75,9.43),
("8107-KNCIM",1,1,1,0,14,1,1,2,0,0,0,0,0,0,1,1,3,75.1,1013.35,78.91),
("2996-XAUVF",1,0,0,0,70,0,2,1,0,0,0,1,0,1,3,1,4,40.05,2799.75,51.65),
("7621-VPNET",0,0,1,0,42,1,1,2,0,0,1,1,0,0,1,1,1,85.9,3729.75,78.81),
("1530-ZTDOZ",0,0,1,0,49,0,2,1,1,0,0,0,1,0,1,0,2,40.65,2070.75,30.92),
("6518-PPLMZ",1,0,1,1,53,1,0,0,2,2,2,2,2,2,3,1,4,19.4,1110.35,95.74),
("5848-FHRFC",0,0,0,0,68,1,0,0,2,2,2,2,2,2,3,0,2,20.05,1386.9,74.67),
("4716-MRVEN",0,0,0,0,29,1,0,0,2,2,2,2,2,2,2,0,4,20,599.3,18.04),
("0909-SELIE",1,0,1,0,61,1,1,1,1,1,1,1,0,1,3,1,2,80.8,4860.85,23.21),
("5396-IZEPB",1,0,0,0,9,1,0,0,2,2,2,2,2,2,1,0,1,19.7,180.7,50.96),
("5602-BVFMK",0,0,0,0,12,1,0,0,2,2,2,2,2,2,2,0,4,19.3,228.75,88.14),
("9754-CLVZW",0,0,1,1,26,0,2,1,1,1,0,1,0,0,1,0,1,38.85,1025.15,80.11),
("5780-INQIK",0,0,0,0,8,1,0,1,0,0,0,1,0,0,1,0,3,49.4,408.25,98.78),
("2067-QYTCF",0,0,1,0,64,1,1,2,0,1,1,1,1,1,1,1,3,111.15,6953.4,80.0),
("8566-YPRGL",0,0,0,0,1,1,0,0,2,2,2,2,2,2,1,1,4,19.5,19.5,93.22),
("0969-RGKCU",1,0,1,1,37,1,0,0,2,2,2,2,2,2,2,0,1,19.8,677.05,51.28),
("3178-FESZO",0,0,0,0,1,1,1,2,0,1,0,0,1,1,1,1,1,100.25,100.25,53.95),
("2560-WBWXF",1,0,0,0,68,1,1,0,2,2,2,2,2,2,3,1,2,24.15,1498.85,94.17),
("2378-HTWFW",1,1,0,0,35,1,1,2,1,0,0,0,0,1,1,0,1,91,3180.5,89.34),
("5729-KLZAR",0,0,1,1,4,1,0,2,0,0,0,0,0,1,1,0,3,80.85,302.75,51.13),
("7241-AJHFS",1,0,0,0,32,1,1,2,1,0,0,1,0,0,1,0,2,87.65,2766.4,22.93),
("5968-HYJRZ",1,0,1,1,47,1,1,0,2,2,2,2,2,2,3,0,4,24.55,1160.45,21.43),
("8806-EAGWC",1,0,0,0,3,1,0,1,0,0,0,0,1,0,1,0,4,55.15,159.15,78.15),
("7795-CFOCW",1,0,0,0,45,0,2,1,1,0,1,1,0,0,2,0,2,42.3,1840.75,20.26),
("1391-UBDAR",1,0,0,0,11,1,0,2,0,0,1,0,0,0,1,0,3,72.9,818.45,15.68),
("3736-BLEPA",1,0,0,0,28,1,0,2,0,1,0,1,1,0,2,1,2,91.25,2483.65,33.47),
("1970-KKFWL",0,0,0,0,35,1,1,0,2,2,2,2,2,2,3,0,2,23.3,797.1,36.53),
("0238-WHBIQ",1,0,1,1,72,1,1,1,1,1,1,1,1,1,3,0,1,89.7,6339.3,33.05),
("7696-CFTAT",1,0,1,1,37,1,0,0,2,2,2,2,2,2,3,0,2,19.8,726.1,38.89),
("3571-RFHAR",1,0,0,0,65,1,1,2,0,1,1,1,1,1,1,1,3,109.15,6941.2,45.18),
("0274-JKUJR",1,0,1,1,7,0,2,1,1,1,1,0,1,1,1,0,4,58.85,465.7,3.09),
("9108-EQPNQ",0,0,1,1,10,1,1,0,2,2,2,2,2,2,3,0,1,26.1,225.55,52.56),
("4854-SSLTN",1,0,1,1,2,1,0,1,1,1,0,1,0,0,3,0,4,59.5,130.5,13.87),
("6674-KVJHG",0,0,0,0,11,1,1,0,2,2,2,2,2,2,2,0,3,25.2,245.15,57.6),
("0365-BZUWY",1,0,1,0,17,1,1,2,0,1,1,0,1,1,1,1,3,102.55,1742.5,79.4),
("6427-FEFIG",0,0,1,1,24,1,1,1,1,0,1,0,1,1,3,0,1,78.6,1846.65,47.14),
("0129-QMPDR",1,0,1,1,44,1,0,0,2,2,2,2,2,2,2,1,2,20.5,865.05,41.8),
("2930-UOTMB",0,0,0,0,31,1,1,1,1,0,1,1,0,0,1,0,1,65.25,1994.3,90.83),
("5627-TVBPP",0,0,0,1,35,1,0,0,2,2,2,2,2,2,2,1,1,20.1,644.5,24.2),
("7595-EUIVN",0,0,0,0,1,1,0,2,0,1,0,0,0,0,1,0,3,75.8,75.8,48.8),
("5380-WJKOV",1,0,0,0,34,1,1,2,0,1,1,0,1,1,1,1,3,106.35,3549.25,84.25),
("2157-MXBJS",1,0,1,0,13,1,1,1,0,0,1,0,1,1,2,1,4,75.3,989.45,52.97),
("1371-DWPAZ",0,0,1,1,0,0,2,1,1,1,1,1,1,0,3,0,1,56.05,0,2.77),
("2703-AMTUL",1,0,1,1,36,1,0,1,1,1,0,0,0,0,2,0,4,53.65,1939.35,74.71),
("3030-ZKIWL",1,0,0,0,1,1,0,0,2,2,2,2,2,2,1,0,4,20.05,20.05,34.6),
("4881-JVQOD",1,1,1,1,10,0,2,1,0,0,0,0,0,1,1,1,2,34.55,362.6,81.58),
("7665-TOALD",0,0,0,0,1,1,0,2,0,0,0,0,0,0,1,1,3,69.6,69.6,49.33),
("6599-RCLCJ",1,0,1,0,47,1,1,2,0,1,1,1,1,1,1,1,3,109.55,5124.55,73.88),
("3523-QRQLL",0,0,1,1,22,1,0,1,0,1,0,0,1,1,2,1,2,69.5,1498.2,94.67),
("5075-JSDKI",0,0,0,0,59,1,1,0,2,2,2,2,2,2,3,0,3,24.45,1493.1,71.02),
("5546-BYZSM",0,0,0,0,41,1,0,0,2,2,2,2,2,2,1,0,3,20.45,775.6,9.38),
("5597-GLBUC",0,0,0,0,1,1,0,2,0,0,1,0,1,0,1,1,3,85.45,85.45,48.93),
("1208-DNHLN",1,0,1,1,23,1,1,1,0,0,0,0,0,0,2,1,1,48.35,1067.15,25.86),
("1929-ZCBHE",1,0,1,1,47,0,2,1,1,0,1,1,0,0,2,0,3,40.3,1794.8,55.53),
("6769-DCQLI",1,0,0,0,52,1,0,2,0,1,1,1,1,1,2,1,2,105,5426.85,12.35),
("6762-NSODU",0,0,1,1,46,1,0,0,2,2,2,2,2,2,3,0,1,19.4,958.15,76.95),
("5445-GLVOT",0,0,0,0,22,1,0,1,1,0,0,0,0,0,1,1,3,49.8,1049.05,43.84),
("3003-CMDUU",0,0,1,0,25,1,0,2,0,0,0,1,1,1,1,1,3,95.15,2395.7,80.18),
("9135-HSWOC",1,0,1,1,64,1,0,0,2,2,2,2,2,2,3,1,2,19.7,1274.05,38.87),
("9730-DRTMJ",1,0,1,0,32,1,1,1,1,0,0,1,1,0,2,1,1,72.8,2333.05,90.77),
("1240-HCBOH",0,0,0,0,67,1,1,0,2,2,2,2,2,2,3,1,4,26.1,1759.55,85.03),
("5498-IBWPI",0,0,1,1,66,1,0,1,0,0,0,1,0,0,2,1,1,49.4,3251.85,14.09),
("9625-QSTYE",0,0,0,0,13,1,0,2,0,1,1,0,0,0,1,1,3,81.15,952.3,60.36),
("8205-MQUGY",1,0,1,1,12,1,0,1,1,0,0,0,0,0,1,1,3,49.2,571.15,15.23),
("5906-BFOZT",1,0,0,0,1,1,0,0,2,2,2,2,2,2,1,1,4,19.5,19.5,21.97),
("3604-WLABM",0,0,0,0,10,1,0,1,0,0,1,1,0,0,1,0,3,54.25,583,43.79),
("8439-LTUGF",1,0,0,0,10,1,0,0,2,2,2,2,2,2,1,1,1,20,198.6,69.56),
("3229-USWAR",0,0,0,0,34,1,0,1,1,0,1,1,1,1,2,1,2,79.95,2727.3,29.09),
("8097-OMULG",1,0,1,1,59,1,0,1,0,1,1,1,1,1,2,0,1,76.75,4541.9,7.75),
("8780-IXSTS",0,0,0,0,6,1,1,2,0,1,0,0,1,0,1,1,3,90.1,521.3,92.3),
("2141-RRYGO",0,0,0,0,4,1,0,1,0,1,0,0,1,1,1,1,2,68.65,261.25,43.58),
("2275-RBYQS",0,0,0,0,1,1,0,1,0,0,0,0,0,0,1,1,4,45.4,45.4,76.25),
("3836-FZSDJ",1,1,1,0,71,1,1,0,2,2,2,2,2,2,3,0,2,24.85,1901,74.41),
("2812-REYAT",0,0,1,0,49,1,0,0,2,2,2,2,2,2,2,1,2,20.05,923.1,93.85),
("4603-JANFB",1,0,0,0,1,1,0,2,0,0,0,0,0,0,1,1,3,69.85,69.85,43.42),
("3646-ITDGM",0,0,0,0,56,1,0,0,2,2,2,2,2,2,3,0,2,19.7,1051.9,4.23),
("9465-RWMXL",1,0,1,0,32,1,1,2,0,0,1,0,0,0,1,1,3,78.9,2447.95,30.95),
("9297-FVVDH",0,0,1,1,57,1,1,1,1,0,1,1,1,1,3,1,3,84.5,4845.4,21.0),
("6794-HKIAJ",1,0,0,0,62,1,1,2,1,1,1,0,0,0,1,0,2,90.7,5586.45,37.53),
("4163-KIUHY",1,0,0,0,35,1,1,0,2,2,2,2,2,2,1,1,3,25.6,901.25,63.49),
("7892-POOKP",0,0,1,0,28,1,1,2,0,0,1,1,1,1,1,1,3,104.8,3046.05,0.91),
("0866-QLSIR",0,0,0,0,34,1,1,1,1,1,0,1,0,0,2,1,4,64.4,2088.75,63.98),
("4553-DVPZG",0,0,1,0,62,1,1,2,0,0,1,0,1,1,1,1,3,101.35,6164.7,23.08),
("8631-NBHFZ",1,1,1,1,66,1,1,1,1,1,1,1,1,0,3,0,1,79.4,5154.6,83.32),
("0626-QXNGV",0,0,1,0,72,1,1,0,2,2,2,2,2,2,3,1,1,24.15,1776.45,42.09),
("0942-KOWSM",0,0,1,1,30,1,0,1,0,1,1,1,1,1,3,0,2,80.8,2369.3,84.08),
("8406-LNMHF",1,1,1,0,59,1,0,2,1,1,1,0,0,0,2,1,1,82.95,4903.15,67.22),
("7470-MCQTK",0,0,1,0,13,0,2,1,0,0,1,0,1,1,1,1,2,48.75,633.4,63.46),
("3146-MSEGF",0,1,1,1,72,1,1,1,1,1,1,1,1,1,3,1,1,88.05,6425.65,10.43),
("9135-MGVPY",1,0,1,0,69,1,0,1,1,1,1,1,1,1,3,1,4,84.7,5878.9,67.84),
("0278-YXOOG",1,0,0,0,5,1,0,0,2,2,2,2,2,2,1,0,4,21.05,113.85,77.21),
("2684-EIWEO",0,1,0,0,30,1,1,2,1,1,1,0,0,0,1,0,1,91.7,2758.15,92.08),
("6650-BWFRT",0,0,1,0,72,1,1,2,1,1,1,1,1,1,3,1,1,117.15,8529.5,59.72),
("7841-TZDMQ",1,0,0,0,2,1,0,1,0,0,0,0,0,0,1,1,1,46,84.5,69.19),
("6016-NXBNJ",1,0,0,0,35,1,0,0,2,2,2,2,2,2,2,1,4,19.15,638,13.38),
("8495-LJDFO",0,1,0,0,64,1,1,2,1,0,1,1,1,1,1,1,2,108.95,7111.3,47.07),
("2805-AUFQN",0,0,0,0,25,1,0,0,2,2,2,2,2,2,3,0,1,19.8,475.2,17.01),
("6621-YOBKI",1,0,0,0,5,1,0,0,2,2,2,2,2,2,1,0,4,20.35,92.75,14.86),
("8844-TONUD",1,0,1,1,13,1,0,2,0,0,1,0,1,1,1,1,4,96.65,1162.85,16.73),
("4910-AQFFX",1,0,1,1,9,1,1,2,0,0,1,0,0,0,1,1,2,79.35,661.25,35.11),
("3190-FZATL",1,0,0,1,14,1,0,0,2,2,2,2,2,2,1,0,4,19.95,268.4,70.8),
("7096-UCLNH",1,0,0,0,1,1,0,0,2,2,2,2,2,2,1,0,4,20.05,20.05,31.5),
("9637-CDTKZ",1,0,1,0,72,1,1,2,1,1,1,1,1,1,3,1,1,114.1,8086.4,90.36),
("6496-JDSSB",0,0,0,0,8,1,0,2,0,0,0,0,1,0,1,1,2,80,624.6,83.59),
("2305-MRGLV",1,0,1,0,28,1,0,2,0,0,0,1,0,0,1,0,2,76.55,2065.4,66.64),
("6981-TDRFT",1,0,1,1,44,0,2,1,0,0,1,1,1,1,2,1,3,54.3,2317.1,31.43),
("3853-LYGAM",1,0,0,0,17,1,1,2,0,0,1,1,0,1,1,1,2,95.65,1640,69.32),
("7495-OOKFY",0,1,1,0,8,1,1,2,0,1,0,0,0,0,1,1,1,80.65,633.3,92.34),
("7176-WRTNX",1,0,0,0,70,1,1,2,1,1,1,1,1,1,3,1,2,114.95,7711.25,49.2),
("0748-RDGGM",1,0,1,0,70,1,0,2,1,1,1,1,1,1,2,1,2,109.5,7534.65,98.46),
("3887-PBQAO",0,0,1,1,45,1,1,0,2,2,2,2,2,2,2,1,1,25.9,1216.6,82.46),
("9972-EWRJS",0,0,1,1,67,1,0,0,2,2,2,2,2,2,3,1,2,19.25,1372.9,70.79),
("0655-YDGFJ",1,0,0,0,29,1,0,1,0,0,1,0,0,0,1,0,2,48.95,1323.7,32.55),
("2921-XWDJH",0,1,1,0,38,1,0,2,1,0,0,0,0,1,1,1,3,83.45,3147.15,29.0),
("1754-GKYPY",1,1,1,0,22,1,0,2,0,0,0,0,1,1,1,1,2,89.75,1938.9,75.45),
("0224-NIJLP",1,0,1,1,8,1,0,0,2,2,2,2,2,2,3,0,4,20.15,165.5,89.47),
("8033-VCZGH",1,0,1,0,50,1,1,2,1,0,1,0,1,1,2,1,3,103.95,5231.3,10.79),
("5433-KYGHE",0,0,0,1,14,1,1,2,1,0,0,1,0,0,1,1,4,86,1164.05,4.58),
("7234-KMNRQ",1,0,0,0,4,1,0,0,2,2,2,2,2,2,1,0,4,19,73.45,46.85),
("6696-YDAYZ",1,0,1,1,16,1,0,0,2,2,2,2,2,2,3,0,4,20.5,290.55,27.68),
("5934-RMPOV",0,0,0,1,22,1,1,2,0,0,0,0,0,1,1,1,3,84.75,1816.75,10.33),
("2466-NEJOJ",1,0,1,1,8,1,0,0,2,2,2,2,2,2,1,0,1,19.65,169.75,31.29),
("9547-ITEFG",1,0,1,1,9,1,1,2,0,1,1,0,1,1,1,1,1,102.6,897.75,26.92),
("8189-HBVRW",0,0,0,0,53,1,1,2,1,1,1,0,0,0,1,0,3,90.8,4921.2,49.13),
("0853-NWIFK",0,0,0,0,45,1,0,2,1,1,0,0,1,1,2,1,3,100.3,4483.95,7.08),
("4229-CZMLL",1,0,0,0,6,1,1,2,0,0,0,0,0,0,1,1,3,74.9,469.8,11.66),
("7278-CKDNC",1,1,0,0,24,1,1,2,0,1,0,0,0,0,1,1,3,80.5,2088.45,37.6),
("2520-SGTTA",0,0,1,1,0,1,0,0,2,2,2,2,2,2,3,0,4,20,0,76.42),
("6164-HXUGH",0,0,1,1,6,1,0,0,2,2,2,2,2,2,1,0,4,19.85,119.3,34.92),
("3086-RUCRN",0,0,0,0,66,1,1,2,1,1,1,1,0,1,1,1,2,103.1,6595,51.1),
("5951-AOFIH",1,0,0,0,33,1,0,1,0,1,1,0,1,0,1,1,1,66.4,2245.4,0.81),
("6652-YFFJO",0,0,0,0,11,1,0,1,0,0,0,0,1,1,1,1,3,64.9,716.1,76.86),
("7976-CICYS",1,0,0,0,4,1,0,0,2,2,2,2,2,2,1,1,1,20.7,83.75,70.9),
("9696-RMYBA",1,0,0,0,5,1,0,2,0,0,0,0,1,0,1,1,4,80.1,398.55,21.66),
("9708-KFDBY",1,0,0,0,1,1,0,0,2,2,2,2,2,2,1,0,1,20.55,20.55,61.73),
("2773-MADBQ",0,0,0,0,36,0,2,1,1,1,1,1,0,1,3,1,4,53.1,1901.25,92.87),
("4806-KEXQR",1,0,0,0,4,1,0,2,0,0,0,0,0,1,1,1,3,79.9,324.3,48.4),
("0839-QNXME",0,0,0,0,30,1,0,0,2,2,2,2,2,2,3,0,1,19.4,578.5,60.27),
("6513-EECDB",1,1,1,0,1,1,1,2,0,0,0,0,0,0,1,1,3,73.55,73.55,92.05),
("4568-KNYWR",1,0,0,0,52,1,0,1,1,1,0,0,1,0,3,1,1,63.25,3342.45,7.03),
("3873-WOSBC",1,0,1,0,67,1,1,0,2,2,2,2,2,2,3,0,1,25.6,1784.9,54.95),
("1965-AKTSX",0,1,0,0,14,1,1,2,0,1,0,0,0,0,1,1,3,78.95,1101.85,16.46),
("6121-TNHBO",0,1,0,0,63,1,1,1,1,1,1,1,1,0,2,0,2,83,5243.05,72.51),
("6463-MVYRY",0,1,0,0,57,1,0,1,1,0,1,1,1,0,3,0,2,69.85,4003,21.89),
("0559-CKHUS",0,0,1,0,29,1,0,0,2,2,2,2,2,2,3,1,4,19.55,521.8,89.7),
("4902-OHLSK",0,1,0,0,29,1,1,2,0,0,0,1,1,1,1,0,3,98.65,2862.75,27.72),
("9720-JJJOR",1,0,1,1,41,1,0,1,1,1,1,0,0,0,2,1,2,60.3,2511.3,91.74),
("4550-VBOFE",1,1,1,0,70,1,1,2,0,1,1,0,1,1,1,1,3,102.95,7101.5,89.49),
("1015-OWJKI",1,0,0,0,1,1,0,0,2,2,2,2,2,2,1,0,4,19.05,19.05,80.37),
("1173-NOEYG",0,0,1,0,27,1,1,2,0,0,1,0,0,1,1,0,2,90.15,2423.4,58.19),
("4010-YLMVT",0,0,0,0,56,1,1,2,1,1,0,0,1,1,1,1,1,106.6,5893.95,95.71),
("1355-KUSBG",0,0,1,1,7,1,1,1,0,0,0,0,0,0,1,0,3,48.8,349.8,95.05),
("2277-AXSDC",0,0,0,0,32,1,0,0,2,2,2,2,2,2,2,0,2,19.75,624.15,98.27),
("0114-RSRRW",0,0,1,0,10,1,0,0,2,2,2,2,2,2,1,1,2,19.95,187.75,41.42),
("4860-IJUDE",1,0,0,0,13,1,0,2,1,0,0,0,0,0,1,1,1,73.75,956.65,68.38),
("0947-MUGVO",1,1,1,0,20,1,0,2,0,1,0,0,0,0,1,1,3,73.65,1463.5,13.82),
("1133-KXCGE",0,0,0,0,18,1,0,0,2,2,2,2,2,2,2,0,4,20.1,407.05,21.39),
("4654-DLAMQ",0,1,1,0,64,1,0,2,1,1,1,0,0,1,2,0,2,97,6430.9,42.28),
("1996-DBMUS",0,1,1,0,48,1,0,2,0,0,0,0,0,0,1,1,2,70.65,3545.05,8.03),
("0786-IVLAW",0,1,0,0,66,1,1,2,0,1,1,0,1,1,2,0,2,108.1,7238.6,70.65),
("7508-SMHXL",0,1,0,0,15,1,1,2,0,1,0,0,1,0,1,0,1,89,1288.3,65.43),
("6923-AQONU",1,0,1,1,23,1,0,0,2,2,2,2,2,2,3,0,4,20.9,454,40.68),
("1407-DIGZV",0,0,1,1,3,1,0,0,2,2,2,2,2,2,3,0,4,19.1,52,92.24),
("5797-APWZC",0,0,0,0,1,1,0,2,0,0,0,0,1,1,1,0,3,90.6,90.6,82.18),
("3074-GQWYX",1,0,0,0,5,1,1,2,0,0,0,0,0,0,1,1,2,75.9,357.75,39.64),
("6365-HITVU",0,0,1,1,71,1,0,1,1,1,1,1,1,1,3,0,1,87.25,6328.7,70.36),
("6360-SVNWV",0,1,0,0,31,1,0,2,1,0,0,0,0,0,1,1,1,73.55,2094.65,24.46),
("3059-NGMXB",1,0,1,1,14,1,1,1,1,1,0,0,0,1,1,0,4,69.2,944.65,45.66),
("6339-YPSAH",1,0,0,0,9,1,0,2,0,0,1,0,0,0,1,1,3,73.8,704.3,77.32),
("2479-BRAMR",1,1,1,0,41,1,1,2,1,0,1,0,0,0,1,1,2,83.75,3273.55,70.06),
("3213-VVOLG",1,0,1,1,0,1,1,0,2,2,2,2,2,2,3,0,4,25.35,0,78.56),
("5313-FPXWG",1,0,0,0,51,1,1,0,2,2,2,2,2,2,2,1,2,24.6,1266.4,29.31),
("4032-RMHCI",0,0,1,1,41,0,2,1,1,0,1,0,0,0,2,0,1,35.4,1412.4,59.35),
("4476-OSWTN",1,1,1,0,69,1,1,2,1,0,1,1,1,1,2,1,4,110.55,7610.1,47.7),
("6559-RAKOZ",1,0,1,1,49,1,1,2,0,0,0,1,1,1,2,1,3,97.95,4917.9,17.93),
("4381-MHQDC",0,0,0,0,47,1,1,1,1,0,1,1,0,0,3,1,4,65,2879.9,23.69),
("4195-SMMNX",1,0,0,0,2,1,0,0,2,2,2,2,2,2,1,0,4,20.35,33.2,22.62),
("5016-ETTFF",1,0,0,0,10,0,2,1,0,0,1,0,0,0,1,0,4,29.5,255.25,56.93),
("4883-QICIH",1,0,1,1,32,1,0,2,0,0,0,0,0,0,1,1,2,69.75,2347.9,99.15),
("7145-FEJWU",0,0,0,1,12,1,1,2,0,1,1,0,1,1,1,1,3,105.3,1275.65,67.99),
("3208-YPIOE",1,0,0,0,39,1,1,2,0,0,0,0,0,0,1,0,3,75.25,3017.65,97.54),
("0795-GMVQO",1,0,1,0,67,1,1,2,1,1,1,0,1,1,2,0,1,109.9,7332.4,11.16),
("3627-FCRDW",0,0,0,0,9,1,0,2,0,0,0,0,0,0,1,0,3,71,672.55,44.84),
("2716-GFZOR",1,0,1,0,43,1,0,2,1,1,1,0,0,0,1,1,1,86.1,3551.65,43.76),
("6480-YAGIY",1,0,0,0,45,1,0,2,1,1,1,1,1,1,2,0,1,112.2,5031.85,58.69),
("3084-DOWLE",0,0,1,0,72,1,1,1,1,1,1,1,1,1,3,0,2,92,6474.4,78.08),
("6705-LXORM",0,1,1,0,5,1,0,2,0,0,0,0,0,0,1,0,3,70.05,302.6,47.19),
("0516-OOHAR",1,0,1,1,28,1,0,2,0,1,1,0,1,1,2,0,2,100.35,2799,15.36),
("5567-GZKQY",1,0,0,0,58,1,0,0,2,2,2,2,2,2,3,0,1,20.3,1131.5,44.77),
("1498-DQNRX",0,0,1,0,29,1,0,0,2,2,2,2,2,2,1,0,4,19.85,573.05,37.83),
("7159-NOKYQ",1,0,1,0,67,1,1,2,0,1,1,0,0,1,3,1,3,93.15,6368.2,64.2),
("9565-AXSMR",1,0,1,1,52,1,0,0,2,2,2,2,2,2,3,0,4,19.2,1054.75,91.74),
("1066-JKSGK",1,0,0,0,1,1,0,0,2,2,2,2,2,2,1,0,4,20.15,20.15,38.03),
("9625-RZFUK",1,0,1,1,63,1,0,0,2,2,2,2,2,2,3,0,4,19.7,1275.85,73.73),
("5159-YFPKQ",0,0,0,0,2,1,0,2,0,0,1,0,0,0,1,1,3,75.8,160.75,16.01),
("5759-RCVCB",0,0,0,0,3,0,2,1,0,0,0,0,1,0,1,0,1,35.2,108.95,0.82),
("9391-LMANN",1,0,0,1,53,1,0,2,1,1,1,0,0,1,2,0,3,95.95,5036.9,68.45),
("1226-IENZN",1,1,0,0,16,1,0,2,0,0,0,0,0,1,1,1,3,78.75,1218.25,40.87),
("4277-PVRAN",0,0,0,0,8,1,0,2,0,0,0,0,1,0,1,1,2,80.1,679.3,6.46),
("6242-SGYTS",1,0,1,1,62,1,1,2,1,1,0,0,1,0,2,1,1,94.95,5791.85,32.13),
("6194-HBGQN",1,0,0,0,51,1,1,1,1,1,1,1,1,0,2,1,1,81.15,4126.2,47.0),
("4228-ZGYUW",1,0,0,0,4,1,1,2,0,1,0,0,0,1,1,1,3,90.05,368.1,91.02),
("7581-EBBOU",0,0,0,0,60,1,0,1,0,1,1,1,1,0,2,1,1,70.15,4224.7,15.57),
("7284-ZZLOH",1,0,1,0,45,1,0,1,1,0,1,0,0,0,3,0,1,53.3,2296.25,60.85),
("6609-MXJHJ",0,0,1,1,30,1,1,0,2,2,2,2,2,2,3,1,4,25.1,789.55,39.87),
("1024-GUALD",0,0,1,0,1,0,2,1,0,0,0,0,0,0,1,1,3,24.8,24.8,82.51),
("3717-FDJFU",1,0,0,1,5,1,0,0,2,2,2,2,2,2,3,0,4,20.45,106.9,49.85),
("0308-GIQJT",1,1,0,0,71,1,1,2,0,1,0,1,1,1,2,0,2,105.75,7382.85,29.94),
("0869-PAPRP",0,1,1,0,26,1,0,2,0,0,1,0,1,0,1,1,1,85.7,2067,29.01),
("4940-KHCWD",0,0,1,0,60,0,2,1,1,1,0,1,0,0,3,0,2,37.7,2288.7,40.06),
("6857-VWJDT",0,0,0,0,1,1,1,2,0,0,0,0,1,1,1,0,4,95.65,95.65,61.91),
("1775-KWJKQ",1,0,1,1,72,1,1,1,1,1,1,1,1,1,3,0,1,89.85,6562.9,72.66),
("4445-ZJNMU",1,0,0,0,9,1,1,2,0,1,0,0,1,1,1,1,1,99.3,918.75,90.73),
("4986-MXSFP",0,0,0,0,2,1,0,0,2,2,2,2,2,2,1,1,4,20,40.9,65.4),
("6585-WCEWR",1,0,1,1,72,1,0,0,2,2,2,2,2,2,3,0,3,20.35,1354.4,95.69),
("4403-BWPAY",1,0,0,0,14,1,1,0,2,2,2,2,2,2,2,1,1,24.8,321.7,33.51),
("9524-EGPJC",0,0,0,0,18,1,1,2,0,0,0,1,0,1,1,1,3,90.1,1612.75,3.05),
("2171-UDMFD",1,0,1,1,32,1,0,0,2,2,2,2,2,2,1,1,1,19.45,674.55,72.21),
("0577-WHMEV",0,0,1,0,16,1,1,2,1,1,1,0,0,0,1,0,3,90.7,1374.9,23.76),
("6586-MYGKD",1,0,1,0,70,1,1,1,1,0,0,1,1,1,3,1,1,76.95,5289.8,28.23),
("1902-XBTFB",1,0,0,1,22,1,0,2,0,1,1,0,1,0,1,1,3,89.4,2001.5,97.64),
("9962-BFPDU",0,0,1,1,1,1,0,0,2,2,2,2,2,2,1,0,4,20.05,20.05,93.19),
("3585-ISXZP",0,0,0,0,8,1,1,2,0,0,0,0,1,1,1,0,2,95.65,778.1,35.8),
("9931-DCEZH",1,0,0,1,28,1,0,1,0,1,0,1,0,0,2,1,1,54.4,1516.6,50.18),
("5336-UFNZP",0,1,1,1,65,1,1,2,0,1,1,0,1,1,2,1,3,107.45,7047.5,65.81),
("8943-URTMR",0,0,0,0,2,1,0,2,0,0,0,0,1,0,1,1,4,79.65,152.7,20.69),
("8777-MBMTS",0,1,1,0,65,1,0,2,0,1,1,1,1,1,3,1,1,105.85,6725.5,86.28),
("7009-PCARS",1,0,0,1,55,1,0,0,2,2,2,2,2,2,2,0,2,19.1,1001.5,11.54),
("6537-QLGEX",0,0,0,0,16,0,2,1,1,0,0,0,1,0,1,1,3,38.9,664.4,5.1),
("4726-DLWQN",1,1,0,0,50,1,1,1,1,1,0,0,1,0,1,1,2,70.35,3454.6,18.62),
("6402-SSEJG",0,0,0,0,25,0,2,1,1,1,1,0,1,1,2,0,3,61.05,1540.2,12.94),
("4526-EXKKN",1,0,0,0,40,1,1,0,2,2,2,2,2,2,3,1,4,24.6,973.95,8.36),
("1430-SFQSA",1,0,0,0,29,0,2,1,1,0,0,1,0,0,2,0,4,35.6,1072.6,52.51),
("1918-ZBFQJ",0,0,0,0,13,1,0,2,0,1,1,0,0,0,1,1,3,79.25,1111.65,53.08),
("1666-JZPZT",1,0,0,0,27,1,1,1,0,0,0,0,0,0,1,0,4,49,1291.35,68.46),
("4955-VCWBI",0,0,1,1,43,1,0,0,2,2,2,2,2,2,2,0,4,20,817.95,41.85),
("5406-KGRMX",0,0,0,0,71,1,1,0,2,2,2,2,2,2,3,0,3,24.55,1719.15,70.68),
("8634-MPHTR",1,1,1,0,47,1,1,2,0,0,1,0,1,1,1,1,3,100.05,4871.05,89.39),
("3115-CZMZD",1,0,0,1,0,1,0,0,2,2,2,2,2,2,3,0,4,20.25,0,30.35),
("0248-IPDFW",0,0,0,0,1,1,1,1,0,0,0,0,0,0,1,1,3,50.1,50.1,88.55),
("4504-YOULA",0,0,1,1,35,1,1,1,1,1,0,0,0,0,1,1,1,59.45,2136.9,6.68),
("8008-HAWED",1,0,0,0,14,0,2,1,0,0,1,0,1,1,1,1,3,50.75,712.75,53.97),
("6522-YRBXD",1,1,1,0,35,1,1,2,1,1,0,0,0,1,1,1,3,94.55,3365.4,88.54),
("5485-ITNPC",1,0,1,0,66,1,0,1,1,1,1,1,1,1,3,1,2,85.9,5595.3,74.93),
("0687-ZVTHB",1,0,1,1,65,1,1,1,1,1,1,0,0,1,2,0,1,72.45,4653.85,70.55),
("8496-DMZUK",1,0,0,0,30,1,1,2,1,1,1,0,0,0,2,0,2,90.4,2820.65,91.97),
("7089-RKVSZ",1,0,1,1,8,1,1,0,2,2,2,2,2,2,2,0,4,24.4,203.95,66.27),
("4123-FCVCB",0,0,0,0,12,1,1,1,0,0,0,1,1,1,2,1,4,75.85,854.45,54.76),
("6143-JQKEA",1,0,0,0,10,1,0,1,0,0,0,0,0,0,1,1,1,45.8,436.2,60.03),
("6645-MXQJT",1,0,1,1,2,1,0,2,1,0,0,0,1,1,1,0,3,97.1,184.15,88.37),
("3301-LSLWQ",0,0,0,0,29,1,1,1,1,0,0,0,0,1,1,1,3,66.1,1912.15,52.44),
("5468-BPMMO",1,0,1,0,46,1,0,0,2,2,2,2,2,2,1,0,3,19.6,851.2,89.76),
("1431-AIDJQ",1,0,1,1,33,1,0,1,0,1,1,1,1,1,3,0,1,82.1,2603.1,3.53),
("8441-SHIPE",0,0,0,0,67,1,1,0,2,2,2,2,2,2,3,1,2,25.6,1790.35,7.98),
("4295-YURET",0,1,1,1,56,1,0,1,1,0,0,1,1,1,3,1,1,72.6,4084.35,31.88),
("2455-USLMV",0,0,0,0,31,1,1,2,1,0,1,0,0,0,1,1,1,84.75,2613.4,9.53),
("8620-RJPZN",0,0,0,0,1,1,0,0,2,2,2,2,2,2,1,0,3,20.7,20.7,53.52),
("3259-QMXUN",1,0,1,0,58,1,1,1,1,1,1,0,1,1,3,1,3,86.1,4890.5,86.39),
("8125-QPFJD",0,0,1,0,72,1,1,1,1,0,1,1,1,1,3,1,2,84.9,6065.3,11.25),
("4203-QGNZA",0,0,0,1,28,1,0,0,2,2,2,2,2,2,1,0,4,20.25,535.35,43.05),
("3806-YAZOV",0,0,0,0,3,1,0,0,2,2,2,2,2,2,1,0,4,18.8,56,16.12),
("2256-YLYLP",1,0,1,1,68,1,0,1,0,0,1,1,1,1,3,1,2,72.95,4953.25,83.28),
("3590-TCXTB",1,0,0,0,1,1,0,0,2,2,2,2,2,2,1,0,4,20.35,20.35,43.16),
("9432-VOFYX",1,0,0,0,17,1,0,2,0,0,0,0,0,0,1,1,3,70.8,1207,15.31),
("2469-DTSGX",0,1,0,0,72,1,1,2,0,1,1,1,1,1,3,0,3,111.65,7943.45,22.49),
("5825-XJOCM",1,0,0,1,48,1,1,1,1,1,1,0,0,0,2,1,2,64.4,3035.35,53.59),
("2240-HSJQD",1,0,0,1,38,1,1,2,0,1,0,0,0,0,1,1,4,81.85,3141.7,60.3),
("0848-SOMKO",1,0,0,0,70,0,2,1,1,0,1,1,0,1,3,0,2,48.4,3442.8,82.17),
("8763-KIAFH",0,0,1,1,27,1,0,0,2,2,2,2,2,2,2,1,4,20.55,583.3,58.61),
("6862-CQUMB",1,0,0,0,37,1,0,2,0,1,0,0,1,1,1,1,1,96.1,3646.8,35.06),
("7137-RYLPP",1,1,1,0,37,1,1,2,0,0,0,0,1,0,1,1,3,85.7,3171.15,33.99),
("8384-FZBJK",0,0,1,1,57,1,1,2,0,1,0,0,1,1,1,1,3,100.6,5611.7,55.26),
("6575-SUVOI",0,1,1,0,25,1,1,1,1,0,0,1,1,0,1,1,1,69.5,1752.65,13.69),
("5130-IEKQT",1,1,0,0,25,1,1,2,0,1,1,0,1,1,1,0,4,105.95,2655.25,43.29),
("0970-QXPXW",0,0,0,0,1,1,0,0,2,2,2,2,2,2,1,0,4,19.65,19.65,4.09),
("9840-DVNDC",1,0,0,0,6,1,0,2,0,0,0,0,1,0,1,1,1,80.5,463.05,2.95),
("7016-BPGEU",0,0,0,0,29,0,2,1,0,0,0,0,0,0,1,1,1,25.1,712.85,85.99),
("8229-TNIQA",0,0,0,0,4,1,0,1,0,0,0,0,0,0,1,1,4,45.3,196.95,74.23),
("9371-BITHB",0,0,1,1,52,1,0,0,2,2,2,2,2,2,3,0,4,19.85,1070.5,72.2),
("3865-ZYKAD",1,1,1,0,69,1,1,2,1,1,0,0,0,0,1,1,1,84.9,5785.65,0.8),
("4378-MYPGO",1,0,1,1,68,1,0,2,1,1,1,0,1,1,3,1,2,105.25,7173.15,71.92),
("3373-DIUUN",1,0,1,1,30,1,0,0,2,2,2,2,2,2,3,0,4,21.25,711.9,58.44);